Timestamp,ARIMA_Rolling
2023-08-12 00:00:00+00:00,29411.966602220076
2023-08-13 00:00:00+00:00,29422.050847821276
2023-08-14 00:00:00+00:00,29316.28727213166
2023-08-15 00:00:00+00:00,29392.138482389015
2023-08-16 00:00:00+00:00,29228.1989240926
2023-08-17 00:00:00+00:00,28768.867514835656
2023-08-18 00:00:00+00:00,26943.091467317998
2023-08-19 00:00:00+00:00,26054.88152601927
2023-08-20 00:00:00+00:00,26101.34612458493
2023-08-21 00:00:00+00:00,26188.608317327722
2023-08-22 00:00:00+00:00,26149.370042191662
2023-08-23 00:00:00+00:00,26059.38909523483
2023-08-24 00:00:00+00:00,26377.224343322552
2023-08-25 00:00:00+00:00,26239.67564612439
2023-08-26 00:00:00+00:00,26055.129720191984
2023-08-27 00:00:00+00:00,26024.553889201503
2023-08-28 00:00:00+00:00,26084.419303504135
2023-08-29 00:00:00+00:00,26115.699737811916
2023-08-30 00:00:00+00:00,27476.659296231974
2023-08-31 00:00:00+00:00,27463.363380278184
2023-09-01 00:00:00+00:00,26099.49078075426
2023-09-02 00:00:00+00:00,25774.917943038872
2023-09-03 00:00:00+00:00,25879.39188690353
2023-09-04 00:00:00+00:00,25963.998051224076
2023-09-05 00:00:00+00:00,25857.093992163558
2023-09-06 00:00:00+00:00,25788.310094977496
2023-09-07 00:00:00+00:00,25764.268930123533
2023-09-08 00:00:00+00:00,26174.48745956554
2023-09-09 00:00:00+00:00,25996.529631212004
2023-09-10 00:00:00+00:00,25883.064428849466
2023-09-11 00:00:00+00:00,25863.870722597807
2023-09-12 00:00:00+00:00,25262.611361601415
2023-09-13 00:00:00+00:00,25711.149416989265
2023-09-14 00:00:00+00:00,26225.14382353575
2023-09-15 00:00:00+00:00,26495.056815960634
2023-09-16 00:00:00+00:00,26619.53210494258
2023-09-17 00:00:00+00:00,26585.374369235156
2023-09-18 00:00:00+00:00,26548.73088953071
2023-09-19 00:00:00+00:00,26741.82328499051
2023-09-20 00:00:00+00:00,27167.68962014797
2023-09-21 00:00:00+00:00,27170.389513753413
2023-09-22 00:00:00+00:00,26648.816645647916
2023-09-23 00:00:00+00:00,26562.099430918126
2023-09-24 00:00:00+00:00,26602.17877765941
2023-09-25 00:00:00+00:00,26306.160330749444
2023-09-26 00:00:00+00:00,26282.50613460092
2023-09-27 00:00:00+00:00,26239.58575961588
2023-09-28 00:00:00+00:00,26339.34199795548
2023-09-29 00:00:00+00:00,26942.4823051735
2023-09-30 00:00:00+00:00,26970.41333593501
2023-10-01 00:00:00+00:00,26950.472291023765
2023-10-02 00:00:00+00:00,27851.92942282136
2023-10-03 00:00:00+00:00,27643.835962876143
2023-10-04 00:00:00+00:00,27413.32662145867
2023-10-05 00:00:00+00:00,27755.69869589758
2023-10-06 00:00:00+00:00,27499.585847109855
2023-10-07 00:00:00+00:00,27850.118337606724
2023-10-08 00:00:00+00:00,28014.575700709047
2023-10-09 00:00:00+00:00,27937.81513763111
2023-10-10 00:00:00+00:00,27658.281833390793
2023-10-11 00:00:00+00:00,27417.540878530275
2023-10-12 00:00:00+00:00,26959.875700435558
2023-10-13 00:00:00+00:00,26758.368158279303
2023-10-14 00:00:00+00:00,26862.123261568282
2023-10-15 00:00:00+00:00,26871.708877365454
2023-10-16 00:00:00+00:00,27131.835886048564
2023-10-17 00:00:00+00:00,28334.052790598464
2023-10-18 00:00:00+00:00,28501.66452830653
2023-10-19 00:00:00+00:00,28322.585076527892
2023-10-20 00:00:00+00:00,28685.727151579627
2023-10-21 00:00:00+00:00,29568.83081365052
2023-10-22 00:00:00+00:00,29945.409715179976
2023-10-23 00:00:00+00:00,29998.801916513825
2023-10-24 00:00:00+00:00,32594.687716633765
2023-10-25 00:00:00+00:00,33969.656000569375
2023-10-26 00:00:00+00:00,34405.9411550674
2023-10-27 00:00:00+00:00,34264.38718299185
2023-10-28 00:00:00+00:00,33929.18545304077
2023-10-29 00:00:00+00:00,34071.0330159382
2023-10-30 00:00:00+00:00,34492.06076920298
2023-10-31 00:00:00+00:00,34534.24167502188
2023-11-01 00:00:00+00:00,34638.80064170275
2023-11-02 00:00:00+00:00,35343.03838277753
2023-11-03 00:00:00+00:00,35064.42923240424
2023-11-04 00:00:00+00:00,34733.528552649164
2023-11-05 00:00:00+00:00,35045.01669122742
2023-11-06 00:00:00+00:00,35082.51474202863
2023-11-07 00:00:00+00:00,35046.91643545429
2023-11-08 00:00:00+00:00,35371.69710197978
2023-11-09 00:00:00+00:00,35636.809261153925
2023-11-10 00:00:00+00:00,36546.65216883302
2023-11-11 00:00:00+00:00,37290.10970671078
2023-11-12 00:00:00+00:00,37205.918301142585
2023-11-13 00:00:00+00:00,37096.14513927316
2023-11-14 00:00:00+00:00,36592.164615523536
2023-11-15 00:00:00+00:00,35687.27481655518
2023-11-16 00:00:00+00:00,37482.77345403208
2023-11-17 00:00:00+00:00,36573.28200099203
2023-11-18 00:00:00+00:00,36431.81261714208
2023-11-19 00:00:00+00:00,36679.32304905751
2023-11-20 00:00:00+00:00,37282.42759279753
2023-11-21 00:00:00+00:00,37539.062267905596
2023-11-22 00:00:00+00:00,36018.29410508115
2023-11-23 00:00:00+00:00,37087.14636030074
2023-11-24 00:00:00+00:00,37453.39600637534
2023-11-25 00:00:00+00:00,37642.86769769755
2023-11-26 00:00:00+00:00,37852.99088994115
2023-11-27 00:00:00+00:00,37517.51729488469
2023-11-28 00:00:00+00:00,37272.89667341377
2023-11-29 00:00:00+00:00,37752.627240862064
2023-11-30 00:00:00+00:00,37907.3207755395
2023-12-01 00:00:00+00:00,37744.81707162981
2023-12-02 00:00:00+00:00,38561.97970165483
2023-12-03 00:00:00+00:00,39423.63370936976
2023-12-04 00:00:00+00:00,39945.59655805777
2023-12-05 00:00:00+00:00,41704.760934370344
2023-12-06 00:00:00+00:00,43865.320144769736
2023-12-07 00:00:00+00:00,43904.78233055512
2023-12-08 00:00:00+00:00,43337.97707718282
2023-12-09 00:00:00+00:00,44057.20102362551
2023-12-10 00:00:00+00:00,43853.671336088446
2023-12-11 00:00:00+00:00,43747.8285921794
2023-12-12 00:00:00+00:00,41659.60868860659
2023-12-13 00:00:00+00:00,41302.96771812672
2023-12-14 00:00:00+00:00,42738.312448856916
2023-12-15 00:00:00+00:00,43081.10477514277
2023-12-16 00:00:00+00:00,42098.72641150138
2023-12-17 00:00:00+00:00,42157.415062020096
2023-12-18 00:00:00+00:00,41533.542397729456
2023-12-19 00:00:00+00:00,42400.02394296451
2023-12-20 00:00:00+00:00,42424.1079849428
2023-12-21 00:00:00+00:00,43407.03155631558
2023-12-22 00:00:00+00:00,43950.68435646024
2023-12-23 00:00:00+00:00,43977.0859013759
2023-12-24 00:00:00+00:00,43804.56315162307
2023-12-25 00:00:00+00:00,43138.05831600264
2023-12-26 00:00:00+00:00,43489.227548233765
2023-12-27 00:00:00+00:00,42730.86874649409
2023-12-28 00:00:00+00:00,43267.103540476186
2023-12-29 00:00:00+00:00,42809.939625866304
2023-12-30 00:00:00+00:00,42095.40518077606
2023-12-31 00:00:00+00:00,42148.9157918305
2024-01-01 00:00:00+00:00,42261.343983450286
2024-01-02 00:00:00+00:00,43902.394383875864
2024-01-03 00:00:00+00:00,44968.36017667111
2024-01-04 00:00:00+00:00,43206.772417779226
2024-01-05 00:00:00+00:00,43881.29732800833
2024-01-06 00:00:00+00:00,44310.17946664868
2024-01-07 00:00:00+00:00,44006.56630755593
2024-01-08 00:00:00+00:00,43971.540290912075
2024-01-09 00:00:00+00:00,46521.00961363045
2024-01-10 00:00:00+00:00,46440.649918945775
2024-01-11 00:00:00+00:00,46508.657595242315
2024-01-12 00:00:00+00:00,46490.9045673379
2024-01-13 00:00:00+00:00,43294.79936685156
2024-01-14 00:00:00+00:00,42679.25392785211
2024-01-15 00:00:00+00:00,41963.24400894487
2024-01-16 00:00:00+00:00,42306.679758310995
2024-01-17 00:00:00+00:00,43116.91561689218
2024-01-18 00:00:00+00:00,42824.51527937664
2024-01-19 00:00:00+00:00,41497.29192163594
2024-01-20 00:00:00+00:00,41521.51057681158
2024-01-21 00:00:00+00:00,41722.81013850838
2024-01-22 00:00:00+00:00,41581.030800153494
2024-01-23 00:00:00+00:00,39849.3476407718
2024-01-24 00:00:00+00:00,39725.0494899505
2024-01-25 00:00:00+00:00,40110.608574142985
2024-01-26 00:00:00+00:00,39947.67766570749
2024-01-27 00:00:00+00:00,41526.235679494144
2024-01-28 00:00:00+00:00,42197.41156138853
2024-01-29 00:00:00+00:00,42036.93018860411
2024-01-30 00:00:00+00:00,43121.38288726936
2024-01-31 00:00:00+00:00,43084.848500700835
2024-02-01 00:00:00+00:00,42592.108629394745
2024-02-02 00:00:00+00:00,43000.39185016106
2024-02-03 00:00:00+00:00,43210.908010697654
2024-02-04 00:00:00+00:00,43034.9390089007
2024-02-05 00:00:00+00:00,42642.641080195135
2024-02-06 00:00:00+00:00,42641.38361707644
2024-02-07 00:00:00+00:00,43051.70504584813
2024-02-08 00:00:00+00:00,44184.803983810925
2024-02-09 00:00:00+00:00,45228.80543808077
2024-02-10 00:00:00+00:00,46915.42493081386
2024-02-11 00:00:00+00:00,47783.18619440579
2024-02-12 00:00:00+00:00,48247.499349747915
2024-02-13 00:00:00+00:00,49728.83005704318
2024-02-14 00:00:00+00:00,49848.81981924777
2024-02-15 00:00:00+00:00,51488.548673872116
2024-02-16 00:00:00+00:00,52073.99897168665
2024-02-17 00:00:00+00:00,52107.55259384765
2024-02-18 00:00:00+00:00,51784.26429710263
2024-02-19 00:00:00+00:00,52041.809638260645
2024-02-20 00:00:00+00:00,51897.09973374855
2024-02-21 00:00:00+00:00,52187.90038775214
2024-02-22 00:00:00+00:00,51964.75105453681
2024-02-23 00:00:00+00:00,51328.34352520822
2024-02-24 00:00:00+00:00,50821.35320611915
2024-02-25 00:00:00+00:00,51432.32138017389
2024-02-26 00:00:00+00:00,51766.850044123144
2024-02-27 00:00:00+00:00,54090.10594129305
2024-02-28 00:00:00+00:00,56847.74367240013
2024-02-29 00:00:00+00:00,61745.900800178446
2024-03-01 00:00:00+00:00,61656.89213829312
2024-03-02 00:00:00+00:00,62102.92907433983
2024-03-03 00:00:00+00:00,62250.5638547089
2024-03-04 00:00:00+00:00,62929.1010024544
2024-03-05 00:00:00+00:00,67632.96018682196
2024-03-06 00:00:00+00:00,64749.902164410996
2024-03-07 00:00:00+00:00,65454.95319043268
2024-03-08 00:00:00+00:00,67076.00907558964
2024-03-09 00:00:00+00:00,68061.4801297189
2024-03-10 00:00:00+00:00,68545.3588944173
2024-03-11 00:00:00+00:00,68943.99609154489
2024-03-12 00:00:00+00:00,71693.48251193661
2024-03-13 00:00:00+00:00,71751.78855441825
2024-03-14 00:00:00+00:00,72802.14169299061
2024-03-15 00:00:00+00:00,71781.56037733087
2024-03-16 00:00:00+00:00,69698.78120298013
2024-03-17 00:00:00+00:00,65866.12000355142
2024-03-18 00:00:00+00:00,67676.80706553186
2024-03-19 00:00:00+00:00,67989.58930176203
2024-03-20 00:00:00+00:00,62663.444352600636
2024-03-21 00:00:00+00:00,66661.68621355429
2024-03-22 00:00:00+00:00,66286.57713765805
2024-03-23 00:00:00+00:00,63831.26563794594
2024-03-24 00:00:00+00:00,63993.996738299975
2024-03-25 00:00:00+00:00,66718.53217118855
2024-03-26 00:00:00+00:00,69670.5514959738
2024-03-27 00:00:00+00:00,70093.6607460239
2024-03-28 00:00:00+00:00,69511.55655911815
2024-03-29 00:00:00+00:00,70590.13595299415
2024-03-30 00:00:00+00:00,70148.08965607476
2024-03-31 00:00:00+00:00,69609.20231383761
2024-04-01 00:00:00+00:00,71059.16220062358
2024-04-02 00:00:00+00:00,70052.66264515478
2024-04-03 00:00:00+00:00,66026.78016767008
2024-04-04 00:00:00+00:00,65749.56080488484
2024-04-05 00:00:00+00:00,68253.42969515192
2024-04-06 00:00:00+00:00,68091.88822973323
2024-04-07 00:00:00+00:00,68704.41211165367
2024-04-08 00:00:00+00:00,69396.30376513134
2024-04-09 00:00:00+00:00,71279.97640250532
2024-04-10 00:00:00+00:00,69658.27500096949
2024-04-11 00:00:00+00:00,70250.0938123207
2024-04-12 00:00:00+00:00,70273.29797622284
2024-04-13 00:00:00+00:00,67535.26442068495
2024-04-14 00:00:00+00:00,64431.02557231521
2024-04-15 00:00:00+00:00,65384.59767415336
2024-04-16 00:00:00+00:00,63943.26514781052
2024-04-17 00:00:00+00:00,63628.40433687908
2024-04-18 00:00:00+00:00,61763.87452903806
2024-04-19 00:00:00+00:00,63024.11352601229
2024-04-20 00:00:00+00:00,63973.35044157725
2024-04-21 00:00:00+00:00,64786.486187049806
2024-04-22 00:00:00+00:00,65057.46981331496
2024-04-23 00:00:00+00:00,66551.04858240271
2024-04-24 00:00:00+00:00,66623.98852134011
2024-04-25 00:00:00+00:00,64554.459540795826
2024-04-26 00:00:00+00:00,64387.740200716114
2024-04-27 00:00:00+00:00,63927.35488221334
2024-04-28 00:00:00+00:00,63447.418390419196
2024-04-29 00:00:00+00:00,63174.014328128396
2024-04-30 00:00:00+00:00,63722.74380646858
2024-05-01 00:00:00+00:00,61183.43638794325
2024-05-02 00:00:00+00:00,58466.91229536794
2024-05-03 00:00:00+00:00,58923.88553796448
2024-05-04 00:00:00+00:00,62400.7053385024
2024-05-05 00:00:00+00:00,63954.9331291954
2024-05-06 00:00:00+00:00,64014.42948422091
2024-05-07 00:00:00+00:00,63329.50736025173
2024-05-08 00:00:00+00:00,62425.286421477445
2024-05-09 00:00:00+00:00,61351.24369505599
2024-05-10 00:00:00+00:00,62748.82223784675
2024-05-11 00:00:00+00:00,61279.5811570434
2024-05-12 00:00:00+00:00,60677.5324763519
2024-05-13 00:00:00+00:00,61439.06920751984
2024-05-14 00:00:00+00:00,62742.07155677513
2024-05-15 00:00:00+00:00,61851.343823163355
2024-05-16 00:00:00+00:00,65410.9296570784
2024-05-17 00:00:00+00:00,65718.36872604012
2024-05-18 00:00:00+00:00,66641.49271584002
2024-05-19 00:00:00+00:00,67122.34754996319
2024-05-20 00:00:00+00:00,66344.00885491935
2024-05-21 00:00:00+00:00,70590.08313795827
2024-05-22 00:00:00+00:00,70639.24926881734
2024-05-23 00:00:00+00:00,69140.64327629987
2024-05-24 00:00:00+00:00,68151.54690558506
2024-05-25 00:00:00+00:00,68417.03110648872
2024-05-26 00:00:00+00:00,69240.68601405516
2024-05-27 00:00:00+00:00,68655.62784698514
2024-05-28 00:00:00+00:00,69227.87828409209
2024-05-29 00:00:00+00:00,68580.01385934513
2024-05-30 00:00:00+00:00,67629.98003783183
2024-05-31 00:00:00+00:00,68228.17108497582
2024-06-01 00:00:00+00:00,67680.09464154899
2024-06-02 00:00:00+00:00,67648.81992429397
2024-06-03 00:00:00+00:00,67806.03939062281
2024-06-04 00:00:00+00:00,68652.2647071449
2024-06-05 00:00:00+00:00,70373.8243445792
2024-06-06 00:00:00+00:00,71132.74987265444
2024-06-07 00:00:00+00:00,70858.38600148083
2024-06-08 00:00:00+00:00,69555.15261123319
2024-06-09 00:00:00+00:00,69265.34461568229
2024-06-10 00:00:00+00:00,69636.14066140402
2024-06-11 00:00:00+00:00,69557.9992344602
2024-06-12 00:00:00+00:00,67656.31964438398
2024-06-13 00:00:00+00:00,68010.00515691203
2024-06-14 00:00:00+00:00,67075.94847239548
2024-06-15 00:00:00+00:00,66027.05547761808
2024-06-16 00:00:00+00:00,66175.00049482653
2024-06-17 00:00:00+00:00,66588.61605158601
2024-06-18 00:00:00+00:00,66541.78453398692
2024-06-19 00:00:00+00:00,65359.36483448483
2024-06-20 00:00:00+00:00,64936.14061946267
2024-06-21 00:00:00+00:00,64895.86188699269
2024-06-22 00:00:00+00:00,64231.12351619897
2024-06-23 00:00:00+00:00,64200.22947786461
2024-06-24 00:00:00+00:00,63362.3110029781
2024-06-25 00:00:00+00:00,60655.19501383897
2024-06-26 00:00:00+00:00,61438.66137047219
2024-06-27 00:00:00+00:00,61106.34100360764
2024-06-28 00:00:00+00:00,61422.34733321521
2024-06-29 00:00:00+00:00,60612.54655781874
2024-06-30 00:00:00+00:00,60719.275498016585
2024-07-01 00:00:00+00:00,62480.188886324264
2024-07-02 00:00:00+00:00,62902.991820986856
2024-07-03 00:00:00+00:00,62161.47241057518
2024-07-04 00:00:00+00:00,60418.72258875839
2024-07-05 00:00:00+00:00,57453.319507487635
2024-07-06 00:00:00+00:00,56586.27675184701
2024-07-07 00:00:00+00:00,58041.221694951186
2024-07-08 00:00:00+00:00,56294.72194688445
2024-07-09 00:00:00+00:00,56440.46982744918
2024-07-10 00:00:00+00:00,57947.944763586886
2024-07-11 00:00:00+00:00,57836.665692803064
2024-07-12 00:00:00+00:00,57400.719436003346
2024-07-13 00:00:00+00:00,57815.03841488459
2024-07-14 00:00:00+00:00,59071.21012050166
2024-07-15 00:00:00+00:00,60656.132459390734
2024-07-16 00:00:00+00:00,64231.86336056866
2024-07-17 00:00:00+00:00,65248.992035312265
2024-07-18 00:00:00+00:00,64218.823643327574
2024-07-19 00:00:00+00:00,63971.73854537712
2024-07-20 00:00:00+00:00,66301.9520868242
2024-07-21 00:00:00+00:00,67256.4279694357
2024-07-22 00:00:00+00:00,67999.87535828572
2024-07-23 00:00:00+00:00,67740.85064145079
2024-07-24 00:00:00+00:00,66165.46041783567
2024-07-25 00:00:00+00:00,65421.304915770605
2024-07-26 00:00:00+00:00,65747.44004911683
2024-07-27 00:00:00+00:00,67637.01830624024
2024-07-28 00:00:00+00:00,68026.71915073697
2024-07-29 00:00:00+00:00,68193.64287307364
2024-07-30 00:00:00+00:00,67064.54607908806
2024-07-31 00:00:00+00:00,66201.85070390883
2024-08-01 00:00:00+00:00,64873.02114734824
2024-08-02 00:00:00+00:00,65129.50132467137
2024-08-03 00:00:00+00:00,62089.74496159116
2024-08-04 00:00:00+00:00,60593.85494523096
2024-08-05 00:00:00+00:00,58581.93791423864
2024-08-06 00:00:00+00:00,54521.589265556606
2024-08-07 00:00:00+00:00,55581.90806138887
2024-08-08 00:00:00+00:00,55463.431335886635
2024-08-09 00:00:00+00:00,60539.42416729547
2024-08-10 00:00:00+00:00,61414.442098952386
2024-08-11 00:00:00+00:00,60779.85978690291
2024-08-12 00:00:00+00:00,59151.00756688817
2024-08-13 00:00:00+00:00,59146.21776879583
2024-08-14 00:00:00+00:00,60527.67766434429
2024-08-15 00:00:00+00:00,59050.8947404621
2024-08-16 00:00:00+00:00,57642.787937091125
2024-08-17 00:00:00+00:00,58674.35594685383
2024-08-18 00:00:00+00:00,59493.83489494429
2024-08-19 00:00:00+00:00,58619.24392535485
2024-08-20 00:00:00+00:00,59294.059376936944
2024-08-21 00:00:00+00:00,59184.7513493679
2024-08-22 00:00:00+00:00,60790.21927093681
2024-08-23 00:00:00+00:00,60657.12283402397
2024-08-24 00:00:00+00:00,63429.44885707058
2024-08-25 00:00:00+00:00,64416.587095011586
2024-08-26 00:00:00+00:00,64197.44482800798
2024-08-27 00:00:00+00:00,63121.27359447118
2024-08-28 00:00:00+00:00,59888.20554323226
2024-08-29 00:00:00+00:00,58967.710575439574
2024-08-30 00:00:00+00:00,59364.83236240863
2024-08-31 00:00:00+00:00,59181.133227152146
2024-09-01 00:00:00+00:00,58995.47600044357
2024-09-02 00:00:00+00:00,57582.82149191358
2024-09-03 00:00:00+00:00,58780.25747846284
2024-09-04 00:00:00+00:00,57890.49657973603
2024-09-05 00:00:00+00:00,57776.77636568749
2024-09-06 00:00:00+00:00,56520.498808096905
2024-09-07 00:00:00+00:00,54198.97251492139
2024-09-08 00:00:00+00:00,54060.71393639859
2024-09-09 00:00:00+00:00,54810.43092308388
2024-09-10 00:00:00+00:00,56760.489708327164
2024-09-11 00:00:00+00:00,57696.61069001112
2024-09-12 00:00:00+00:00,57406.51829178194
2024-09-13 00:00:00+00:00,58020.90772940351
2024-09-14 00:00:00+00:00,60236.45544767866
2024-09-15 00:00:00+00:00,60228.47805569141
2024-09-16 00:00:00+00:00,59222.5183839121
2024-09-17 00:00:00+00:00,58351.11076497264
2024-09-18 00:00:00+00:00,59965.381757554875
2024-09-19 00:00:00+00:00,61683.59680934867
2024-09-20 00:00:00+00:00,62811.193556159924
2024-09-21 00:00:00+00:00,63243.949501594645
2024-09-22 00:00:00+00:00,63360.107771279116
2024-09-23 00:00:00+00:00,63564.608367494155
2024-09-24 00:00:00+00:00,63392.43754736292
2024-09-25 00:00:00+00:00,64122.29146310558
2024-09-26 00:00:00+00:00,63395.75555375429
2024-09-27 00:00:00+00:00,64801.2527778337
2024-09-28 00:00:00+00:00,65847.54638086422
2024-09-29 00:00:00+00:00,65870.93340079676
2024-09-30 00:00:00+00:00,65677.54582246508
2024-10-01 00:00:00+00:00,63659.35591489796
2024-10-02 00:00:00+00:00,61100.512236732975
2024-10-03 00:00:00+00:00,60591.27262925177
2024-10-04 00:00:00+00:00,60772.15475711876
2024-10-05 00:00:00+00:00,61892.77158427847
2024-10-06 00:00:00+00:00,62160.441562493106
2024-10-07 00:00:00+00:00,62694.206647916595
2024-10-08 00:00:00+00:00,62376.109462815475
2024-10-09 00:00:00+00:00,62120.07709297255
2024-10-10 00:00:00+00:00,60854.259318372344
2024-10-11 00:00:00+00:00,60262.70683842656
2024-10-12 00:00:00+00:00,62145.47985929445
2024-10-13 00:00:00+00:00,63214.97928161396
2024-10-14 00:00:00+00:00,62926.189220407
2024-10-15 00:00:00+00:00,65564.43833292685
2024-10-16 00:00:00+00:00,67114.25022782362
2024-10-17 00:00:00+00:00,67549.57267098707
2024-10-18 00:00:00+00:00,67485.34038804418
2024-10-19 00:00:00+00:00,68260.850567621
2024-10-20 00:00:00+00:00,68456.2380788774
2024-10-21 00:00:00+00:00,68909.94279549841
2024-10-22 00:00:00+00:00,67663.5051833767
2024-10-23 00:00:00+00:00,67298.76847208997
2024-10-24 00:00:00+00:00,66782.41680910124
2024-10-25 00:00:00+00:00,67882.03811844604
2024-10-26 00:00:00+00:00,66944.40220260431
2024-10-27 00:00:00+00:00,66844.8463516418
2024-10-28 00:00:00+00:00,67879.90806311335
2024-10-29 00:00:00+00:00,69661.49408373208
2024-10-30 00:00:00+00:00,72411.5225313917
2024-10-31 00:00:00+00:00,72536.01639805184
2024-11-01 00:00:00+00:00,70519.51000205103
2024-11-02 00:00:00+00:00,69541.59604138933
2024-11-03 00:00:00+00:00,69371.34201527426
2024-11-04 00:00:00+00:00,68849.35799473949
2024-11-05 00:00:00+00:00,67955.87904773912
2024-11-06 00:00:00+00:00,69126.53638348627
2024-11-07 00:00:00+00:00,74763.27881388093
2024-11-08 00:00:00+00:00,76214.7371285925
2024-11-09 00:00:00+00:00,76398.47879487598
2024-11-10 00:00:00+00:00,76790.14505840097
2024-11-11 00:00:00+00:00,79854.03422536375
2024-11-12 00:00:00+00:00,87675.74937543871
2024-11-13 00:00:00+00:00,88561.39319357254
2024-11-14 00:00:00+00:00,89990.28662482742
2024-11-15 00:00:00+00:00,88039.21988211546
2024-11-16 00:00:00+00:00,90276.63687466724
2024-11-17 00:00:00+00:00,90994.47253854395
2024-11-18 00:00:00+00:00,89890.44808517954
2024-11-19 00:00:00+00:00,90444.99953618032
2024-11-20 00:00:00+00:00,92193.16880327945
2024-11-21 00:00:00+00:00,94194.2033772556
2024-11-22 00:00:00+00:00,97918.07291063835
2024-11-23 00:00:00+00:00,99157.06962122937
2024-11-24 00:00:00+00:00,97965.70955303998
2024-11-25 00:00:00+00:00,97954.12983372305
2024-11-26 00:00:00+00:00,93852.86219977477
2024-11-27 00:00:00+00:00,91870.20071756089
2024-11-28 00:00:00+00:00,95405.33308936685
2024-11-29 00:00:00+00:00,95952.23836021197
2024-11-30 00:00:00+00:00,97169.68823299308
2024-12-01 00:00:00+00:00,96769.52274261194
2024-12-02 00:00:00+00:00,97093.95985307494
2024-12-03 00:00:00+00:00,96193.28806705574
2024-12-04 00:00:00+00:00,95849.13614683147
2024-12-05 00:00:00+00:00,98400.89883037121
2024-12-06 00:00:00+00:00,97494.16001024986
2024-12-07 00:00:00+00:00,99348.65783410944
2024-12-08 00:00:00+00:00,100160.9473420333
2024-12-09 00:00:00+00:00,100975.0501151296
2024-12-10 00:00:00+00:00,98162.23479330448
2024-12-11 00:00:00+00:00,96588.8334823524
2024-12-12 00:00:00+00:00,100551.03944722182
2024-12-13 00:00:00+00:00,100512.22809428285
2024-12-14 00:00:00+00:00,101118.91983799338
2024-12-15 00:00:00+00:00,101547.75356085422
2024-12-16 00:00:00+00:00,103941.88873002364
2024-12-17 00:00:00+00:00,106035.6892178732
2024-12-18 00:00:00+00:00,106234.15057160518
2024-12-19 00:00:00+00:00,101100.60507147362
2024-12-20 00:00:00+00:00,97536.02168329367
2024-12-21 00:00:00+00:00,97693.22035999373
2024-12-22 00:00:00+00:00,97366.38528355648
2024-12-23 00:00:00+00:00,95417.81945251589
2024-12-24 00:00:00+00:00,94742.20658152657
2024-12-25 00:00:00+00:00,98040.04728240063
2024-12-26 00:00:00+00:00,99492.80601827905
2024-12-27 00:00:00+00:00,96258.1062395696
2024-12-28 00:00:00+00:00,94257.46910203324
2024-12-29 00:00:00+00:00,95003.63870395519
2024-12-30 00:00:00+00:00,93892.24666820913
2024-12-31 00:00:00+00:00,92704.23027425028
2025-01-01 00:00:00+00:00,93283.45750792713
2025-01-02 00:00:00+00:00,94310.84008947296
2025-01-03 00:00:00+00:00,96586.05169726291
2025-01-04 00:00:00+00:00,98100.49411590336
2025-01-05 00:00:00+00:00,98256.49602659537
2025-01-06 00:00:00+00:00,98340.78206776077
2025-01-07 00:00:00+00:00,101701.47183766257
2025-01-08 00:00:00+00:00,97991.89479134932
2025-01-09 00:00:00+00:00,95053.68680702487
2025-01-10 00:00:00+00:00,92978.4266451913
2025-01-11 00:00:00+00:00,94258.95215559298
2025-01-12 00:00:00+00:00,94786.2957570216
2025-01-13 00:00:00+00:00,94480.29380002573
2025-01-14 00:00:00+00:00,94555.8514468705
2025-01-15 00:00:00+00:00,96236.72154589204
2025-01-16 00:00:00+00:00,100032.5013751877
2025-01-17 00:00:00+00:00,100270.2297367927
2025-01-18 00:00:00+00:00,103411.97629476132
2025-01-19 00:00:00+00:00,104680.34335612325
2025-01-20 00:00:00+00:00,101695.9349948889
2025-01-21 00:00:00+00:00,101893.41416074862
2025-01-22 00:00:00+00:00,105655.96857630079
2025-01-23 00:00:00+00:00,104234.59527402319
2025-01-24 00:00:00+00:00,103732.47646064241
2025-01-25 00:00:00+00:00,104831.66984393795
2025-01-26 00:00:00+00:00,104815.51899998542
2025-01-27 00:00:00+00:00,102930.5863340474
2025-01-28 00:00:00+00:00,102094.03536914314
2025-01-29 00:00:00+00:00,101463.84224034069
2025-01-30 00:00:00+00:00,103353.37138443593
2025-01-31 00:00:00+00:00,104770.35809241782
2025-02-01 00:00:00+00:00,102809.14541533668
2025-02-02 00:00:00+00:00,100827.94706065851
2025-02-03 00:00:00+00:00,98114.18600267921
2025-02-04 00:00:00+00:00,100756.38959430714
2025-02-05 00:00:00+00:00,98627.24298211548
2025-02-06 00:00:00+00:00,96560.68933074609
2025-02-07 00:00:00+00:00,96644.92846416424
2025-02-08 00:00:00+00:00,96563.84377428431
2025-02-09 00:00:00+00:00,96519.34133463472
2025-02-10 00:00:00+00:00,96507.49277244294
2025-02-11 00:00:00+00:00,97351.7387773732
2025-02-12 00:00:00+00:00,96104.59813102319
2025-02-13 00:00:00+00:00,97475.39928589274
2025-02-14 00:00:00+00:00,97005.46135703605
2025-02-15 00:00:00+00:00,97299.26299998113
2025-02-16 00:00:00+00:00,97703.17759080592
2025-02-17 00:00:00+00:00,96366.59026008163
2025-02-18 00:00:00+00:00,95795.3731116265
2025-02-19 00:00:00+00:00,95675.82880885397
2025-02-20 00:00:00+00:00,96506.93079899707
2025-02-21 00:00:00+00:00,98166.91995573977
2025-02-22 00:00:00+00:00,96574.22642034842
2025-02-23 00:00:00+00:00,96399.87678010634
2025-02-24 00:00:00+00:00,96415.81391881434
2025-02-25 00:00:00+00:00,92264.28967171139
2025-02-26 00:00:00+00:00,88841.50307142908
2025-02-27 00:00:00+00:00,84710.00346360101
2025-02-28 00:00:00+00:00,84374.54301992683
2025-03-01 00:00:00+00:00,84501.59304112005
2025-03-02 00:00:00+00:00,85744.80256870172
2025-03-03 00:00:00+00:00,93096.42174177268
2025-03-04 00:00:00+00:00,87788.57703014414
2025-03-05 00:00:00+00:00,86561.2027509464
2025-03-06 00:00:00+00:00,90363.55714892237
2025-03-07 00:00:00+00:00,90153.20052419901
2025-03-08 00:00:00+00:00,87207.0866274313
2025-03-09 00:00:00+00:00,86170.97401283975
2025-03-10 00:00:00+00:00,81582.24598585564
2025-03-11 00:00:00+00:00,78640.35708113293
2025-03-12 00:00:00+00:00,82197.53728287957
2025-03-13 00:00:00+00:00,83775.55068276933
2025-03-14 00:00:00+00:00,81456.63130325088
2025-03-15 00:00:00+00:00,83428.0171045313
2025-03-16 00:00:00+00:00,84518.2257821302
2025-03-17 00:00:00+00:00,82814.0563705697
2025-03-18 00:00:00+00:00,83774.85098042912
2025-03-19 00:00:00+00:00,83057.95373158624
2025-03-20 00:00:00+00:00,86131.24591316326
2025-03-21 00:00:00+00:00,84859.89917161697
2025-03-22 00:00:00+00:00,83880.02030432977
2025-03-23 00:00:00+00:00,83962.59439224507
2025-03-24 00:00:00+00:00,85722.796642378
2025-03-25 00:00:00+00:00,87456.74954686506
2025-03-26 00:00:00+00:00,87509.52581640234
2025-03-27 00:00:00+00:00,87011.77945581268
2025-03-28 00:00:00+00:00,87180.56653363777
2025-03-29 00:00:00+00:00,84867.88107090563
2025-03-30 00:00:00+00:00,82758.24098507411
2025-03-31 00:00:00+00:00,82387.10986760943
2025-04-01 00:00:00+00:00,82541.1365213881
2025-04-02 00:00:00+00:00,84796.71296873892
2025-04-03 00:00:00+00:00,83075.15920973642
2025-04-04 00:00:00+00:00,82879.30726058797
2025-04-05 00:00:00+00:00,83866.95502173205
2025-04-06 00:00:00+00:00,83595.90404810732
2025-04-07 00:00:00+00:00,79132.1445536767
2025-04-08 00:00:00+00:00,78774.12931577889
2025-04-09 00:00:00+00:00,76838.72240357754
2025-04-10 00:00:00+00:00,81400.61871260675
2025-04-11 00:00:00+00:00,80445.9298591524
2025-04-12 00:00:00+00:00,82499.39056574031
2025-04-13 00:00:00+00:00,85328.69513247504
2025-04-14 00:00:00+00:00,83975.37625275104
2025-04-15 00:00:00+00:00,84398.50600434747
2025-04-16 00:00:00+00:00,83928.02705242131
2025-04-17 00:00:00+00:00,83948.7806816361
2025-04-18 00:00:00+00:00,84887.53625052661
2025-04-19 00:00:00+00:00,84607.26037835018
2025-04-20 00:00:00+00:00,84969.57351973851
2025-04-21 00:00:00+00:00,85253.70477991071
2025-04-22 00:00:00+00:00,87166.40833308647
2025-04-23 00:00:00+00:00,92695.29886636358
2025-04-24 00:00:00+00:00,94006.83547908682
2025-04-25 00:00:00+00:00,93918.38126452871
2025-04-26 00:00:00+00:00,94692.41128763669
2025-04-27 00:00:00+00:00,94729.84308558602
2025-04-28 00:00:00+00:00,93930.22252060857
2025-04-29 00:00:00+00:00,94833.6559106294
2025-04-30 00:00:00+00:00,94518.45072665806
2025-05-01 00:00:00+00:00,94164.14360656301
2025-05-02 00:00:00+00:00,96219.01872081985
2025-05-03 00:00:00+00:00,97020.0877566055
2025-05-04 00:00:00+00:00,96086.98588295799
2025-05-05 00:00:00+00:00,94551.62817675673
2025-05-06 00:00:00+00:00,94627.5612453761
2025-05-07 00:00:00+00:00,96568.06052023041
2025-05-08 00:00:00+00:00,97148.37836135997
2025-05-09 00:00:00+00:00,102288.93322942569
2025-05-10 00:00:00+00:00,103415.61540616742
2025-05-11 00:00:00+00:00,104429.90979316997
2025-05-12 00:00:00+00:00,104414.01615764019
2025-05-13 00:00:00+00:00,102956.51173946935
2025-05-14 00:00:00+00:00,103921.97180523796
2025-05-15 00:00:00+00:00,103747.61056656447
2025-05-16 00:00:00+00:00,103729.48322718107
2025-05-17 00:00:00+00:00,103622.9010362265
2025-05-18 00:00:00+00:00,103218.73381576464
2025-05-19 00:00:00+00:00,106019.53962449433
2025-05-20 00:00:00+00:00,105982.40248593764
2025-05-21 00:00:00+00:00,106591.55178895521
2025-05-22 00:00:00+00:00,109383.96371961471
2025-05-23 00:00:00+00:00,111578.63416716727
2025-05-24 00:00:00+00:00,108109.41410637542
2025-05-25 00:00:00+00:00,107513.563536608
2025-05-26 00:00:00+00:00,109021.86825163606
2025-05-27 00:00:00+00:00,109475.31713969298
2025-05-28 00:00:00+00:00,109106.64573262229
2025-05-29 00:00:00+00:00,108001.90892806833
2025-05-30 00:00:00+00:00,105909.67065341618
2025-05-31 00:00:00+00:00,104212.03696947283
2025-06-01 00:00:00+00:00,104541.32802760568
2025-06-02 00:00:00+00:00,105627.76329902372
2025-06-03 00:00:00+00:00,105952.27290918288
2025-06-04 00:00:00+00:00,105559.64305514455
2025-06-05 00:00:00+00:00,104870.45953490517
2025-06-06 00:00:00+00:00,102055.45452925935
2025-06-07 00:00:00+00:00,103826.83686775561
2025-06-08 00:00:00+00:00,105674.90061715923
2025-06-09 00:00:00+00:00,105798.03200778064
2025-06-10 00:00:00+00:00,109645.72454622501
2025-06-11 00:00:00+00:00,110574.41111724664
2025-06-12 00:00:00+00:00,108885.60086631367
2025-06-13 00:00:00+00:00,106166.15996336298
2025-06-14 00:00:00+00:00,105961.80062550868
2025-06-15 00:00:00+00:00,105669.97882862395
2025-06-16 00:00:00+00:00,105575.00644465665
2025-06-17 00:00:00+00:00,106706.83992811014
2025-06-18 00:00:00+00:00,105021.60306409352
2025-06-19 00:00:00+00:00,104772.06985286219
2025-06-20 00:00:00+00:00,104826.67388727504
2025-06-21 00:00:00+00:00,103531.90177939717
2025-06-22 00:00:00+00:00,102298.31839963439
2025-06-23 00:00:00+00:00,101184.61480072861
2025-06-24 00:00:00+00:00,104752.71909671786
2025-06-25 00:00:00+00:00,106323.75579415463
2025-06-26 00:00:00+00:00,107203.75430366589
2025-06-27 00:00:00+00:00,107193.47742335423
2025-06-28 00:00:00+00:00,107073.22937747547
2025-06-29 00:00:00+00:00,107371.30755391798
2025-06-30 00:00:00+00:00,108267.75095019437
2025-07-01 00:00:00+00:00,107457.0230481197
2025-07-02 00:00:00+00:00,105894.41861540379
2025-07-03 00:00:00+00:00,108374.63549671129
2025-07-04 00:00:00+00:00,109758.31209147483
2025-07-05 00:00:00+00:00,108298.1364681649
2025-07-06 00:00:00+00:00,108170.7647028784
2025-07-07 00:00:00+00:00,109155.65062130026
2025-07-08 00:00:00+00:00,108512.63000214648
2025-07-09 00:00:00+00:00,108820.70824643246
2025-07-10 00:00:00+00:00,111018.92217866222
2025-07-11 00:00:00+00:00,115433.15587380438
2025-07-12 00:00:00+00:00,117601.54615942642
2025-07-13 00:00:00+00:00,117531.86013058735
2025-07-14 00:00:00+00:00,118909.19277447193
2025-07-15 00:00:00+00:00,119899.41748126311
2025-07-16 00:00:00+00:00,118145.0790981865
2025-07-17 00:00:00+00:00,118499.89882510465
2025-07-18 00:00:00+00:00,119321.5425752501
2025-07-19 00:00:00+00:00,118257.90265699608
2025-07-20 00:00:00+00:00,117910.23878403925
2025-07-21 00:00:00+00:00,117487.95691084636
2025-07-22 00:00:00+00:00,117428.76464809632
2025-07-23 00:00:00+00:00,119669.54448645246
2025-07-24 00:00:00+00:00,119171.96839888024
2025-07-25 00:00:00+00:00,118355.82263968953
2025-07-26 00:00:00+00:00,117815.25152509114
2025-07-27 00:00:00+00:00,117916.61711783984
2025-07-28 00:00:00+00:00,119308.08615178289
2025-07-29 00:00:00+00:00,118382.24336970897
2025-07-30 00:00:00+00:00,117890.888882444
2025-07-31 00:00:00+00:00,117918.08285955225
2025-08-01 00:00:00+00:00,116099.7411836838
2025-08-02 00:00:00+00:00,113567.58584525852
2025-08-03 00:00:00+00:00,112579.22031481472
2025-08-04 00:00:00+00:00,113996.17436344145
2025-08-05 00:00:00+00:00,115057.83425591007
2025-08-06 00:00:00+00:00,114328.75860195553
2025-08-07 00:00:00+00:00,114879.7952314792
2025-08-08 00:00:00+00:00,117235.55122886601
2025-08-09 00:00:00+00:00,116956.97217032796
2025-08-10 00:00:00+00:00,116484.45005404238
2025-08-11 00:00:00+00:00,118930.84705527111
2025-08-12 00:00:00+00:00,118991.68576846064
2025-08-13 00:00:00+00:00,119852.38329676876
2025-08-14 00:00:00+00:00,122998.63532110564
2025-08-15 00:00:00+00:00,119328.72988137967
2025-08-16 00:00:00+00:00,117336.04782310817
2025-08-17 00:00:00+00:00,117552.95117921825
2025-08-18 00:00:00+00:00,117511.41360245123
2025-08-19 00:00:00+00:00,116504.19113124654
2025-08-20 00:00:00+00:00,113366.59249851592
2025-08-21 00:00:00+00:00,113931.48964565118
2025-08-22 00:00:00+00:00,112914.94098995368
2025-08-23 00:00:00+00:00,116095.88492316271
2025-08-24 00:00:00+00:00,115948.9736814901
2025-08-25 00:00:00+00:00,113642.46279163218
2025-08-26 00:00:00+00:00,110647.82694215089
2025-08-27 00:00:00+00:00,111408.9918172167
2025-08-28 00:00:00+00:00,111536.2029622146
2025-08-29 00:00:00+00:00,112341.9157640182
2025-08-30 00:00:00+00:00,109138.51687454533
2025-08-31 00:00:00+00:00,108544.17436482428
2025-09-01 00:00:00+00:00,108504.59817732906
2025-09-02 00:00:00+00:00,109065.04800614096
2025-09-03 00:00:00+00:00,111042.62209310959
2025-09-04 00:00:00+00:00,111799.6742547456
2025-09-05 00:00:00+00:00,110944.14401733238
2025-09-06 00:00:00+00:00,110668.4779093537
2025-09-07 00:00:00+00:00,110346.41882605478
2025-09-08 00:00:00+00:00,111012.83798198708
2025-09-09 00:00:00+00:00,112049.41261529997
2025-09-10 00:00:00+00:00,111690.06608440884
2025-09-11 00:00:00+00:00,113603.95825351604
2025-09-12 00:00:00+00:00,115481.01870766535
2025-09-13 00:00:00+00:00,116093.3377853321
2025-09-14 00:00:00+00:00,116062.6439911403
2025-09-15 00:00:00+00:00,115469.96020283479
2025-09-16 00:00:00+00:00,115393.14575558386
2025-09-17 00:00:00+00:00,116665.98066724685
2025-09-18 00:00:00+00:00,116648.11359908558
2025-09-19 00:00:00+00:00,117023.23841214196
2025-09-20 00:00:00+00:00,116012.87023613365
2025-09-21 00:00:00+00:00,115701.34620202793
2025-09-22 00:00:00+00:00,115440.54516283651
2025-09-23 00:00:00+00:00,113139.06869245025
2025-09-24 00:00:00+00:00,112056.43581425234
2025-09-25 00:00:00+00:00,113178.86946407225
2025-09-26 00:00:00+00:00,109786.6731491463
2025-09-27 00:00:00+00:00,109384.10429489346
2025-09-28 00:00:00+00:00,109841.82819025333
2025-09-29 00:00:00+00:00,111806.07870264915
2025-09-30 00:00:00+00:00,114232.24351108856
2025-10-01 00:00:00+00:00,114219.56921825167
2025-10-02 00:00:00+00:00,117945.39295394793
2025-10-03 00:00:00+00:00,120617.71065293331
2025-10-04 00:00:00+00:00,122101.26041503664
2025-10-05 00:00:00+00:00,122550.97020247958
2025-10-06 00:00:00+00:00,123374.01157901277
2025-10-07 00:00:00+00:00,124650.58512026079
2025-10-08 00:00:00+00:00,121991.8660297991
2025-10-09 00:00:00+00:00,122895.62126397304
2025-10-10 00:00:00+00:00,122161.01027709906
2025-10-11 00:00:00+00:00,114211.35050252972
2025-10-12 00:00:00+00:00,110758.17943000684
2025-10-13 00:00:00+00:00,114466.10168304663
2025-10-14 00:00:00+00:00,115507.78729150996
2025-10-15 00:00:00+00:00,113389.1006355727
2025-10-16 00:00:00+00:00,111104.51235347445
2025-10-17 00:00:00+00:00,108558.34539499435
2025-10-18 00:00:00+00:00,106676.9867274421
2025-10-19 00:00:00+00:00,107088.10109546626
2025-10-20 00:00:00+00:00,108554.24432154647
2025-10-21 00:00:00+00:00,110382.66533966966
2025-10-22 00:00:00+00:00,108831.16036710472
2025-10-23 00:00:00+00:00,107613.21338291209
2025-10-24 00:00:00+00:00,109764.35728896061
2025-10-25 00:00:00+00:00,111068.01534972634
2025-10-26 00:00:00+00:00,111615.03952025868
2025-10-27 00:00:00+00:00,114173.29845818687
2025-10-28 00:00:00+00:00,114355.16310540137
2025-10-29 00:00:00+00:00,113076.59596528199
2025-10-30 00:00:00+00:00,110484.87935895931
2025-10-31 00:00:00+00:00,108476.6037564091
2025-11-01 00:00:00+00:00,109354.56378046586
2025-11-02 00:00:00+00:00,110092.57522904698
2025-11-03 00:00:00+00:00,110493.59604090378
2025-11-04 00:00:00+00:00,107220.93682023206
2025-11-05 00:00:00+00:00,102069.71004995279
2025-11-06 00:00:00+00:00,103331.19430591523
2025-11-07 00:00:00+00:00,101908.60426453767
2025-11-08 00:00:00+00:00,102798.89701308768
2025-11-09 00:00:00+00:00,102650.3420943016
2025-11-10 00:00:00+00:00,104251.02371120847
2025-11-11 00:00:00+00:00,105982.88264826284
2025-11-12 00:00:00+00:00,103515.5282722659
2025-11-13 00:00:00+00:00,101730.05221912255
2025-11-14 00:00:00+00:00,99945.5956977503
2025-11-15 00:00:00+00:00,95224.56935888198
2025-11-16 00:00:00+00:00,95180.77128762899
2025-11-17 00:00:00+00:00,94562.62071384139
2025-11-18 00:00:00+00:00,92342.7377625682
2025-11-19 00:00:00+00:00,92748.18551348004
2025-11-20 00:00:00+00:00,91795.27157461087
2025-11-21 00:00:00+00:00,87215.44193731452
2025-11-22 00:00:00+00:00,85098.15341066368
2025-11-23 00:00:00+00:00,84766.68292121467
2025-11-24 00:00:00+00:00,86481.99719204889
2025-11-25 00:00:00+00:00,88200.98486031423
2025-11-26 00:00:00+00:00,87545.7176707199
2025-11-27 00:00:00+00:00,89950.56597001335
2025-11-28 00:00:00+00:00,91418.96501040313
2025-11-29 00:00:00+00:00,90989.64377569203
2025-11-30 00:00:00+00:00,90863.12394180459
2025-12-01 00:00:00+00:00,90485.54615173815
2025-12-02 00:00:00+00:00,86922.2176307113
2025-12-03 00:00:00+00:00,90324.40894500412
2025-12-04 00:00:00+00:00,93518.48630415717
2025-12-05 00:00:00+00:00,92343.80216867216
2025-12-06 00:00:00+00:00,89734.34508840322
2025-12-07 00:00:00+00:00,89177.21073267324
2025-12-08 00:00:00+00:00,90293.67704867724
2025-12-09 00:00:00+00:00,90693.59560461922
2025-12-10 00:00:00+00:00,92404.44624206901
2025-12-11 00:00:00+00:00,92281.67809082169
2025-12-12 00:00:00+00:00,92415.58487894874
2025-12-13 00:00:00+00:00,90704.39623701389
2025-12-14 00:00:00+00:00,90164.3813518709
2025-12-15 00:00:00+00:00,88563.31107680213
2025-12-16 00:00:00+00:00,86590.90058091457
2025-12-17 00:00:00+00:00,87600.80353578072
2025-12-18 00:00:00+00:00,86589.34545857717
2025-12-19 00:00:00+00:00,85492.64708485405
2025-12-20 00:00:00+00:00,87712.5554194001
2025-12-21 00:00:00+00:00,88462.60181534078
2025-12-22 00:00:00+00:00,88583.76048811835
2025-12-23 00:00:00+00:00,88615.29649176852
2025-12-24 00:00:00+00:00,87612.57069645554
2025-12-25 00:00:00+00:00,87555.20793739386
2025-12-26 00:00:00+00:00,87298.76247243761
2025-12-27 00:00:00+00:00,87276.4574784353
2025-12-28 00:00:00+00:00,87779.81555332452
2025-12-29 00:00:00+00:00,87914.1125378265
2025-12-30 00:00:00+00:00,87263.0400691995
2025-12-31 00:00:00+00:00,88185.32472242806
2026-01-01 00:00:00+00:00,87746.31491061175
2026-01-02 00:00:00+00:00,88493.1569799851
2026-01-03 00:00:00+00:00,89886.05747838086
2026-01-04 00:00:00+00:00,90557.7356997908
2026-01-05 00:00:00+00:00,91414.99076842754
2026-01-06 00:00:00+00:00,93579.34362752903
2026-01-07 00:00:00+00:00,93884.47842450869
2026-01-08 00:00:00+00:00,91634.89861343491
2026-01-09 00:00:00+00:00,90990.66785705986
2026-01-10 00:00:00+00:00,90648.7895407247
2026-01-11 00:00:00+00:00,90399.11327135464
2026-01-12 00:00:00+00:00,90834.5344819055
2026-01-13 00:00:00+00:00,91202.35753296962
2026-01-14 00:00:00+00:00,94750.4527194176
2026-01-15 00:00:00+00:00,96956.580851361
2026-01-16 00:00:00+00:00,95829.65847657401
2026-01-17 00:00:00+00:00,95490.80808344322
2026-01-18 00:00:00+00:00,95233.1664382823
2026-01-19 00:00:00+00:00,93869.42517317705
2026-01-20 00:00:00+00:00,92693.13474763533
2026-01-21 00:00:00+00:00,88961.68667868513
2026-01-22 00:00:00+00:00,89031.94524552209
2026-01-23 00:00:00+00:00,89610.75921888887
2026-01-24 00:00:00+00:00,89482.5403190957
2026-01-25 00:00:00+00:00,89198.88852478059
2026-01-26 00:00:00+00:00,86959.8063360501
2026-01-27 00:00:00+00:00,87891.96382097587
2026-01-28 00:00:00+00:00,89162.51788172392
2026-01-29 00:00:00+00:00,89197.29693959256
2026-01-30 00:00:00+00:00,85265.81204653293
2026-01-31 00:00:00+00:00,83985.32090597558
2026-02-01 00:00:00+00:00,79549.03658096353
2026-02-02 00:00:00+00:00,76891.52831248142
2026-02-03 00:00:00+00:00,78424.72602508916
2026-02-04 00:00:00+00:00,76237.45838639457
2026-02-05 00:00:00+00:00,73253.81751425768
2026-02-06 00:00:00+00:00,64235.11927037197
2026-02-07 00:00:00+00:00,68772.5557795014
2026-02-08 00:00:00+00:00,70077.1711146157
2026-02-09 00:00:00+00:00,69871.37083556542
2026-02-10 00:00:00+00:00,70298.04162151071
2026-02-11 00:00:00+00:00,68966.55301293713
2026-02-12 00:00:00+00:00,67299.77997923535
2026-02-13 00:00:00+00:00,66287.25371329863
2026-02-14 00:00:00+00:00,68406.58977962717
2026-02-15 00:00:00+00:00,69812.56529406802
2026-02-16 00:00:00+00:00,68972.66804491589
2026-02-17 00:00:00+00:00,68827.73698249321
2026-02-18 00:00:00+00:00,67729.56187305847
2026-02-19 00:00:00+00:00,66530.84223045276
2026-02-20 00:00:00+00:00,66884.29154303823
2026-02-21 00:00:00+00:00,67896.79661480214
2026-02-22 00:00:00+00:00,68035.82932198173
2026-02-23 00:00:00+00:00,67676.38984376627
2026-02-24 00:00:00+00:00,65094.79112782048
2026-02-25 00:00:00+00:00,64022.52204612698
2026-02-26 00:00:00+00:00,67414.11427651836
2026-02-27 00:00:00+00:00,67796.67102772782
2026-02-28 00:00:00+00:00,66046.65389512251
2026-03-01 00:00:00+00:00,66781.7058553422
2026-03-02 00:00:00+00:00,66058.56045503786
2026-03-03 00:00:00+00:00,68270.8326113656
2026-03-04 00:00:00+00:00,68631.7379978171
2026-03-05 00:00:00+00:00,71927.15207794559
2026-03-06 00:00:00+00:00,71462.84614503356
2026-03-07 00:00:00+00:00,68386.54262723996
2026-03-08 00:00:00+00:00,67340.98318675897
2026-03-09 00:00:00+00:00,66182.54502609863
2026-03-10 00:00:00+00:00,68023.21467763023
2026-03-11 00:00:00+00:00,69910.39880539625
2026-03-12 00:00:00+00:00,70212.20984302433
2026-03-13 00:00:00+00:00,70506.29934795736
2026-03-14 00:00:00+00:00,70926.24352365604
2026-03-15 00:00:00+00:00,71218.9177928581
2026-03-16 00:00:00+00:00,72613.67766023586
2026-03-17 00:00:00+00:00,74667.44886668236
2026-03-18 00:00:00+00:00,74181.01803032545
2026-03-19 00:00:00+00:00,71618.6232315915
2026-03-20 00:00:00+00:00,70041.344098574
2026-03-21 00:00:00+00:00,70404.91889158082
2026-03-22 00:00:00+00:00,69221.0300008344
2026-03-23 00:00:00+00:00,67951.09477456879
2026-03-24 00:00:00+00:00,70407.71648865707
2026-03-25 00:00:00+00:00,70771.7819996071
2026-03-26 00:00:00+00:00,71127.43056877847
2026-03-27 00:00:00+00:00,69255.73590355957
2026-03-28 00:00:00+00:00,66604.91549582391
2026-03-29 00:00:00+00:00,66276.02370618806
2026-03-30 00:00:00+00:00,66058.46582321312
2026-03-31 00:00:00+00:00,66606.68718803095
2026-04-01 00:00:00+00:00,68059.13640823419
2026-04-02 00:00:00+00:00,68206.02042008292
2026-04-03 00:00:00+00:00,67074.73532590416
2026-04-04 00:00:00+00:00,66905.6928035566
2026-04-05 00:00:00+00:00,67282.3132263193
2026-04-06 00:00:00+00:00,68767.44009223684
2026-04-07 00:00:00+00:00,68991.67990889422
2026-04-08 00:00:00+00:00,71440.34056054303
2026-04-09 00:00:00+00:00,71442.3025683497
2026-04-10 00:00:00+00:00,71624.16236098154
2026-04-11 00:00:00+00:00,72898.20021800157
2026-04-12 00:00:00+00:00,73120.63582880807
2026-04-13 00:00:00+00:00,71120.3192093618
2026-04-14 00:00:00+00:00,73764.06373675745
2026-04-15 00:00:00+00:00,74494.34739358653
2026-04-16 00:00:00+00:00,74649.88649039938
2026-04-17 00:00:00+00:00,75216.44912714153
2026-04-18 00:00:00+00:00,76829.68105616632
2026-04-19 00:00:00+00:00,76078.92491108557
2026-04-20 00:00:00+00:00,74041.33173780018
2026-04-21 00:00:00+00:00,75510.93402348451
2026-04-22 00:00:00+00:00,76431.79076153555
2026-04-23 00:00:00+00:00,77924.12831143245
2026-04-24 00:00:00+00:00,78394.86672813528
2026-04-25 00:00:00+00:00,77585.73373051328
2026-04-26 00:00:00+00:00,77609.46229203843
2026-04-27 00:00:00+00:00,78549.4221991133
2026-04-28 00:00:00+00:00,77646.53651355222
2026-04-29 00:00:00+00:00,76430.73282660956
2026-04-30 00:00:00+00:00,75835.23848436035
2026-05-01 00:00:00+00:00,76228.61108612291
2026-05-02 00:00:00+00:00,77997.21793077837
2026-05-03 00:00:00+00:00,78737.82466180577
2026-05-04 00:00:00+00:00,78606.7238737995
2026-05-05 00:00:00+00:00,79668.9169102873
2026-05-06 00:00:00+00:00,80846.19851628064
2026-05-07 00:00:00+00:00,81426.74195236556
2026-05-08 00:00:00+00:00,80283.41283938538
2026-05-09 00:00:00+00:00,80119.46609853345
2026-05-10 00:00:00+00:00,80659.31180852586
2026-05-11 00:00:00+00:00,81996.24556881572
2026-05-12 00:00:00+00:00,81913.6624975525
2026-05-13 00:00:00+00:00,80662.94587317135
2026-05-14 00:00:00+00:00,79451.41583213226
2026-05-15 00:00:00+00:00,80776.1798555757
2026-05-16 00:00:00+00:00,79509.80303754678
2026-05-17 00:00:00+00:00,78151.87378804332
2026-05-18 00:00:00+00:00,77547.75261123678
2026-05-19 00:00:00+00:00,77012.56646854167
2026-05-20 00:00:00+00:00,76802.8902677117
2026-05-21 00:00:00+00:00,77381.61569395188
2026-05-22 00:00:00+00:00,77609.41454414772
2026-05-23 00:00:00+00:00,75792.32101195576
2026-05-24 00:00:00+00:00,76387.96107719348
2026-05-25 00:00:00+00:00,77054.83870369924
2026-05-26 00:00:00+00:00,77222.0420102818
2026-05-27 00:00:00+00:00,76090.03324877327
2026-05-28 00:00:00+00:00,74506.57533582849
2026-05-29 00:00:00+00:00,73621.34279998014
2026-05-30 00:00:00+00:00,73397.2615478825
2026-05-31 00:00:00+00:00,73729.67925033566
2026-06-01 00:00:00+00:00,73645.25142877377
2026-06-02 00:00:00+00:00,71668.6209800817
2026-06-03 00:00:00+00:00,67288.41094278288
2026-06-04 00:00:00+00:00,64274.75499608434
2026-06-05 00:00:00+00:00,63804.36835833102
2026-06-06 00:00:00+00:00,61497.91158823805
2026-06-07 00:00:00+00:00,60763.032211747515
2026-06-08 00:00:00+00:00,62992.66067756662
2026-06-09 00:00:00+00:00,63242.04503428328
2026-06-10 00:00:00+00:00,61867.30092742893
2026-06-11 00:00:00+00:00,61460.57937699885
2026-06-12 00:00:00+00:00,63257.07740804167
2026-06-13 00:00:00+00:00,63669.22309245476
2026-06-14 00:00:00+00:00,64282.16935317728
2026-06-15 00:00:00+00:00,65600.29376142591
2026-06-16 00:00:00+00:00,66264.37048904864
2026-06-17 00:00:00+00:00,65754.4821470008
2026-06-18 00:00:00+00:00,64607.698309840154
2026-06-19 00:00:00+00:00,63104.735110637565
2026-06-20 00:00:00+00:00,63351.88211268909
2026-06-21 00:00:00+00:00,64205.579787091556
2026-06-22 00:00:00+00:00,63437.23281549936
2026-06-23 00:00:00+00:00,63800.76426097201
2026-06-24 00:00:00+00:00,62931.52061937213
2026-06-25 00:00:00+00:00,61179.498052509385
2026-06-26 00:00:00+00:00,59859.93429865765
2026-06-27 00:00:00+00:00,59942.72624073674
2026-06-28 00:00:00+00:00,60007.8880303897
2026-06-29 00:00:00+00:00,59551.805588025134
2026-06-30 00:00:00+00:00,60058.72200257235
2026-07-01 00:00:00+00:00,58841.17713225025
2026-07-02 00:00:00+00:00,59658.467188819755
2026-07-03 00:00:00+00:00,61377.89032102283
2026-07-04 00:00:00+00:00,62425.01780123954
2026-07-05 00:00:00+00:00,63062.7661097897
2026-07-06 00:00:00+00:00,63548.294335128914
2026-07-07 00:00:00+00:00,63980.50422398341
