Model,Relative Accuracy Score,Relative Robustness Score,Relative Generalisation Score,Uncertainty Score,Explainability Score,Overall Trust Score - Missing Evidence Penalised
Naive,100.0,99.84811814190103,100.0,86.2277063822301,99.0,97.80377958571472
Simple Exponential Smoothing Rolling One-Step,99.88647868284531,100.0,99.91333244307195,87.09157940908773,94.6,97.46667093897341
Holt-Winters Rolling One-Step,99.0341726501598,99.43112686376757,99.19374661637848,86.61578248035505,92.0,96.57930249563839
ARIMA Rolling One-Step,99.32068445699696,99.96574757445568,98.98851318911866,86.61508711921823,90.0,96.54535478054653
Chronos-Bolt-Tiny,92.95974951405974,95.2898918238257,93.75021249528652,93.78919540720618,69.0,91.31231250482429
TimesFM,96.33226340431844,98.00067170251704,95.99217698468394,78.04712535344015,63.0,90.52193073196767
Persistence-Enhanced LSTM,98.53986790003879,98.65058000972394,98.40765487038792,0.0,57.0,79.60060074103595
7-Day Moving Average,61.79562737671479,73.5868288547748,61.660333104209656,82.9763829367428,96.0,70.72435941415849
Prophet 30-Day Periodic Refit,17.19318032295354,25.00064630700337,17.03618830013938,0.0,82.0,22.62498003446229
