Timestamp,Holt_Winters
2023-08-12 00:00:00+00:00,29418.077200575593
2023-08-13 00:00:00+00:00,29427.341376534798
2023-08-14 00:00:00+00:00,29305.24041580435
2023-08-15 00:00:00+00:00,29392.951694716077
2023-08-16 00:00:00+00:00,29198.951315798742
2023-08-17 00:00:00+00:00,28758.039461808625
2023-08-18 00:00:00+00:00,26857.103310828046
2023-08-19 00:00:00+00:00,26075.026950394265
2023-08-20 00:00:00+00:00,26057.31996997657
2023-08-21 00:00:00+00:00,26148.54808085121
2023-08-22 00:00:00+00:00,26094.62295920804
2023-08-23 00:00:00+00:00,26019.558294278893
2023-08-24 00:00:00+00:00,26381.787505976554
2023-08-25 00:00:00+00:00,26162.30102703404
2023-08-26 00:00:00+00:00,26048.600175542626
2023-08-27 00:00:00+00:00,26000.590241427708
2023-08-28 00:00:00+00:00,26071.57226888114
2023-08-29 00:00:00+00:00,26086.76640751806
2023-08-30 00:00:00+00:00,27594.343180485666
2023-08-31 00:00:00+00:00,27311.32842232431
2023-09-01 00:00:00+00:00,26036.0409278972
2023-09-02 00:00:00+00:00,25786.440206704006
2023-09-03 00:00:00+00:00,25838.591073266016
2023-09-04 00:00:00+00:00,25935.163597515006
2023-09-05 00:00:00+00:00,25801.065148119054
2023-09-06 00:00:00+00:00,25766.031786370942
2023-09-07 00:00:00+00:00,25725.548568318478
2023-09-08 00:00:00+00:00,26191.12622249345
2023-09-09 00:00:00+00:00,25902.334227446172
2023-09-10 00:00:00+00:00,25871.337367658998
2023-09-11 00:00:00+00:00,25816.61022603412
2023-09-12 00:00:00+00:00,25182.10446604489
2023-09-13 00:00:00+00:00,25778.228892695144
2023-09-14 00:00:00+00:00,26182.15329337775
2023-09-15 00:00:00+00:00,26497.75997643402
2023-09-16 00:00:00+00:00,26597.064610314985
2023-09-17 00:00:00+00:00,26569.92154286345
2023-09-18 00:00:00+00:00,26534.020947709814
2023-09-19 00:00:00+00:00,26750.23788840595
2023-09-20 00:00:00+00:00,27181.326928208116
2023-09-21 00:00:00+00:00,27130.864869252404
2023-09-22 00:00:00+00:00,26593.192190924892
2023-09-23 00:00:00+00:00,26579.03051325872
2023-09-24 00:00:00+00:00,26580.230157385533
2023-09-25 00:00:00+00:00,26261.604276517748
2023-09-26 00:00:00+00:00,26291.389664219507
2023-09-27 00:00:00+00:00,26210.002821761325
2023-09-28 00:00:00+00:00,26346.125482854193
2023-09-29 00:00:00+00:00,26996.609052464464
2023-09-30 00:00:00+00:00,26914.497304239238
2023-10-01 00:00:00+00:00,26965.309472848287
2023-10-02 00:00:00+00:00,27911.14557020843
2023-10-03 00:00:00+00:00,27528.05920655338
2023-10-04 00:00:00+00:00,27437.840699138167
2023-10-05 00:00:00+00:00,27770.00946826784
2023-10-06 00:00:00+00:00,27442.397457891882
2023-10-07 00:00:00+00:00,27917.370430454506
2023-10-08 00:00:00+00:00,27972.920727396115
2023-10-09 00:00:00+00:00,27942.30562682367
2023-10-10 00:00:00+00:00,27624.854479331178
2023-10-11 00:00:00+00:00,27409.652209835083
2023-10-12 00:00:00+00:00,26872.83072419857
2023-10-13 00:00:00+00:00,26758.47869147963
2023-10-14 00:00:00+00:00,26869.813535494075
2023-10-15 00:00:00+00:00,26860.95672944644
2023-10-16 00:00:00+00:00,27184.36935042458
2023-10-17 00:00:00+00:00,28537.34093707377
2023-10-18 00:00:00+00:00,28427.70469813791
2023-10-19 00:00:00+00:00,28346.850748254616
2023-10-20 00:00:00+00:00,28808.712820710498
2023-10-21 00:00:00+00:00,29812.234487921858
2023-10-22 00:00:00+00:00,30047.94816573469
2023-10-23 00:00:00+00:00,30113.45111989696
2023-10-24 00:00:00+00:00,33427.33717006334
2023-10-25 00:00:00+00:00,34282.29359081242
2023-10-26 00:00:00+00:00,34995.38335184074
2023-10-27 00:00:00+00:00,34453.762226872816
2023-10-28 00:00:00+00:00,34130.76296353704
2023-10-29 00:00:00+00:00,34316.37346347766
2023-10-30 00:00:00+00:00,34783.21155519609
2023-10-31 00:00:00+00:00,34715.88086824569
2023-11-01 00:00:00+00:00,34878.259476110245
2023-11-02 00:00:00+00:00,35698.61094457857
2023-11-03 00:00:00+00:00,35141.554898437666
2023-11-04 00:00:00+00:00,34907.32969230442
2023-11-05 00:00:00+00:00,35275.65305781288
2023-11-06 00:00:00+00:00,35221.49089877927
2023-11-07 00:00:00+00:00,35209.10179210302
2023-11-08 00:00:00+00:00,35594.76343873742
2023-11-09 00:00:00+00:00,35820.906324291005
2023-11-10 00:00:00+00:00,36918.521991773
2023-11-11 00:00:00+00:00,37569.40455198405
2023-11-12 00:00:00+00:00,37378.376368860976
2023-11-13 00:00:00+00:00,37297.02803628087
2023-11-14 00:00:00+00:00,36659.98004157606
2023-11-15 00:00:00+00:00,35690.95666530036
2023-11-16 00:00:00+00:00,38088.53899529125
2023-11-17 00:00:00+00:00,36457.297441124974
2023-11-18 00:00:00+00:00,36760.194950920515
2023-11-19 00:00:00+00:00,36741.566102084435
2023-11-20 00:00:00+00:00,37551.25044678041
2023-11-21 00:00:00+00:00,37648.4574354819
2023-11-22 00:00:00+00:00,35953.28141551571
2023-11-23 00:00:00+00:00,37412.670593690986
2023-11-24 00:00:00+00:00,37456.14885971427
2023-11-25 00:00:00+00:00,37862.49215540846
2023-11-26 00:00:00+00:00,37964.72351511698
2023-11-27 00:00:00+00:00,37651.48750462687
2023-11-28 00:00:00+00:00,37401.96430760015
2023-11-29 00:00:00+00:00,37923.41548871005
2023-11-30 00:00:00+00:00,38000.07633950917
2023-12-01 00:00:00+00:00,37872.62819776916
2023-12-02 00:00:00+00:00,38757.56166480766
2023-12-03 00:00:00+00:00,39568.34919410839
2023-12-04 00:00:00+00:00,40130.23038850469
2023-12-05 00:00:00+00:00,42078.15264173497
2023-12-06 00:00:00+00:00,44376.22477776773
2023-12-07 00:00:00+00:00,44105.09454148584
2023-12-08 00:00:00+00:00,43568.14422812004
2023-12-09 00:00:00+00:00,44466.20394650006
2023-12-10 00:00:00+00:00,43999.89142487221
2023-12-11 00:00:00+00:00,44042.5659512588
2023-12-12 00:00:00+00:00,41403.45185598804
2023-12-13 00:00:00+00:00,41540.25202816304
2023-12-14 00:00:00+00:00,43045.25500970379
2023-12-15 00:00:00+00:00,43217.226961014836
2023-12-16 00:00:00+00:00,42086.78023575705
2023-12-17 00:00:00+00:00,42341.325642880765
2023-12-18 00:00:00+00:00,41449.53826334517
2023-12-19 00:00:00+00:00,42717.39014680127
2023-12-20 00:00:00+00:00,42376.16234206993
2023-12-21 00:00:00+00:00,43716.54185491008
2023-12-22 00:00:00+00:00,43984.57594671666
2023-12-23 00:00:00+00:00,44139.05146725267
2023-12-24 00:00:00+00:00,43909.51707353823
2023-12-25 00:00:00+00:00,43245.193558638646
2023-12-26 00:00:00+00:00,43696.967422503265
2023-12-27 00:00:00+00:00,42757.476008023914
2023-12-28 00:00:00+00:00,43532.104145458434
2023-12-29 00:00:00+00:00,42821.37844640368
2023-12-30 00:00:00+00:00,42279.32442822274
2023-12-31 00:00:00+00:00,42285.59906867822
2024-01-01 00:00:00+00:00,42389.54671448852
2024-01-02 00:00:00+00:00,44131.61172982683
2024-01-03 00:00:00+00:00,45045.11009840877
2024-01-04 00:00:00+00:00,43220.92760577898
2024-01-05 00:00:00+00:00,44191.168768677766
2024-01-06 00:00:00+00:00,44329.8838340061
2024-01-07 00:00:00+00:00,44191.178837950516
2024-01-08 00:00:00+00:00,44121.22122554398
2024-01-09 00:00:00+00:00,46699.041356903246
2024-01-10 00:00:00+00:00,46376.88694840218
2024-01-11 00:00:00+00:00,46790.15926476024
2024-01-12 00:00:00+00:00,46600.84282679146
2024-01-13 00:00:00+00:00,43547.55431675364
2024-01-14 00:00:00+00:00,43061.86750562388
2024-01-15 00:00:00+00:00,42009.35591710791
2024-01-16 00:00:00+00:00,42568.221846690256
2024-01-17 00:00:00+00:00,43196.13970263821
2024-01-18 00:00:00+00:00,42930.66673377181
2024-01-19 00:00:00+00:00,41607.243714724675
2024-01-20 00:00:00+00:00,41744.3828247363
2024-01-21 00:00:00+00:00,41800.88811869865
2024-01-22 00:00:00+00:00,41705.15864924852
2024-01-23 00:00:00+00:00,39891.22000901221
2024-01-24 00:00:00+00:00,39971.185171712525
2024-01-25 00:00:00+00:00,40164.10136896896
2024-01-26 00:00:00+00:00,40047.71369848272
2024-01-27 00:00:00+00:00,41715.60078086847
2024-01-28 00:00:00+00:00,42198.41207777521
2024-01-29 00:00:00+00:00,42172.94834957444
2024-01-30 00:00:00+00:00,43300.38841330758
2024-01-31 00:00:00+00:00,43122.85527450664
2024-02-01 00:00:00+00:00,42756.40274663016
2024-02-02 00:00:00+00:00,43158.8153215205
2024-02-03 00:00:00+00:00,43306.929120317436
2024-02-04 00:00:00+00:00,43158.727356026204
2024-02-05 00:00:00+00:00,42749.750117820055
2024-02-06 00:00:00+00:00,42787.36253063983
2024-02-07 00:00:00+00:00,43178.2880754357
2024-02-08 00:00:00+00:00,44335.459376417784
2024-02-09 00:00:00+00:00,45333.78902589656
2024-02-10 00:00:00+00:00,47143.00422990814
2024-02-11 00:00:00+00:00,47875.30123241706
2024-02-12 00:00:00+00:00,48439.187326056286
2024-02-13 00:00:00+00:00,49999.58803833003
2024-02-14 00:00:00+00:00,49922.72805014128
2024-02-15 00:00:00+00:00,51871.97296139365
2024-02-16 00:00:00+00:00,52137.28668175157
2024-02-17 00:00:00+00:00,52362.150769076514
2024-02-18 00:00:00+00:00,51921.518315364774
2024-02-19 00:00:00+00:00,52310.85499756854
2024-02-20 00:00:00+00:00,52028.152446861604
2024-02-21 00:00:00+00:00,52445.89512952125
2024-02-22 00:00:00+00:00,52088.25971262068
2024-02-23 00:00:00+00:00,51506.27177034123
2024-02-24 00:00:00+00:00,50977.887661063876
2024-02-25 00:00:00+00:00,51683.852014720505
2024-02-26 00:00:00+00:00,51890.209318781046
2024-02-27 00:00:00+00:00,54367.91858402933
2024-02-28 00:00:00+00:00,57115.241000804934
2024-02-29 00:00:00+00:00,63245.05386398594
2024-03-01 00:00:00+00:00,61398.75275971753
2024-03-02 00:00:00+00:00,62956.875758414666
2024-03-03 00:00:00+00:00,62280.06977437459
2024-03-04 00:00:00+00:00,63596.1246511807
2024-03-05 00:00:00+00:00,69086.15155323042
2024-03-06 00:00:00+00:00,64914.86953660596
2024-03-07 00:00:00+00:00,66588.76549039716
2024-03-08 00:00:00+00:00,67545.64900852425
2024-03-09 00:00:00+00:00,68880.43563069512
2024-03-10 00:00:00+00:00,69217.79248304486
2024-03-11 00:00:00+00:00,69730.13251123307
2024-03-12 00:00:00+00:00,72537.17810592179
2024-03-13 00:00:00+00:00,72426.86592363253
2024-03-14 00:00:00+00:00,73806.57126097672
2024-03-15 00:00:00+00:00,72489.2912425713
2024-03-16 00:00:00+00:00,70442.42898476827
2024-03-17 00:00:00+00:00,65865.03182036469
2024-03-18 00:00:00+00:00,68317.21213930249
2024-03-19 00:00:00+00:00,67944.3338521524
2024-03-20 00:00:00+00:00,62826.51338985427
2024-03-21 00:00:00+00:00,67203.76324235532
2024-03-22 00:00:00+00:00,66053.99378497114
2024-03-23 00:00:00+00:00,64471.49770191084
2024-03-24 00:00:00+00:00,64306.43217880845
2024-03-25 00:00:00+00:00,66842.72031131915
2024-03-26 00:00:00+00:00,69609.7643863126
2024-03-27 00:00:00+00:00,70187.68427523426
2024-03-28 00:00:00+00:00,69816.71829879358
2024-03-29 00:00:00+00:00,70890.17296580829
2024-03-30 00:00:00+00:00,70337.23171404468
2024-03-31 00:00:00+00:00,69998.11343506242
2024-04-01 00:00:00+00:00,71323.80123780243
2024-04-02 00:00:00+00:00,70264.67237303736
2024-04-03 00:00:00+00:00,66494.89359734846
2024-04-04 00:00:00+00:00,66296.08219093077
2024-04-05 00:00:00+00:00,68407.13037343218
2024-04-06 00:00:00+00:00,68186.7713934301
2024-04-07 00:00:00+00:00,69022.0856799298
2024-04-08 00:00:00+00:00,69518.65263836601
2024-04-09 00:00:00+00:00,71457.91025381058
2024-04-10 00:00:00+00:00,69796.03535847829
2024-04-11 00:00:00+00:00,70669.70079878217
2024-04-12 00:00:00+00:00,70349.38626401463
2024-04-13 00:00:00+00:00,67957.07425653907
2024-04-14 00:00:00+00:00,64831.22959048694
2024-04-15 00:00:00+00:00,65772.89923115574
2024-04-16 00:00:00+00:00,64025.00711223324
2024-04-17 00:00:00+00:00,64038.24959326989
2024-04-18 00:00:00+00:00,61905.05313065093
2024-04-19 00:00:00+00:00,63386.982384110364
2024-04-20 00:00:00+00:00,63915.36089900544
2024-04-21 00:00:00+00:00,64982.18631079772
2024-04-22 00:00:00+00:00,65135.77243051968
2024-04-23 00:00:00+00:00,66742.57842005543
2024-04-24 00:00:00+00:00,66660.20610132923
2024-04-25 00:00:00+00:00,64852.02128336366
2024-04-26 00:00:00+00:00,64712.08752255503
2024-04-27 00:00:00+00:00,64064.548786809566
2024-04-28 00:00:00+00:00,63689.29969028132
2024-04-29 00:00:00+00:00,63357.904805508864
2024-04-30 00:00:00+00:00,63917.38451726193
2024-05-01 00:00:00+00:00,61346.32607261664
2024-05-02 00:00:00+00:00,58840.96111599463
2024-05-03 00:00:00+00:00,59190.85583642866
2024-05-04 00:00:00+00:00,62494.48382336783
2024-05-05 00:00:00+00:00,63869.5714571731
2024-05-06 00:00:00+00:00,64170.28753006456
2024-05-07 00:00:00+00:00,63472.931820129204
2024-05-08 00:00:00+00:00,62633.85627447965
2024-05-09 00:00:00+00:00,61528.36127955455
2024-05-10 00:00:00+00:00,63008.51393676985
2024-05-11 00:00:00+00:00,61244.61473691685
2024-05-12 00:00:00+00:00,60998.132150530764
2024-05-13 00:00:00+00:00,61520.54685677581
2024-05-14 00:00:00+00:00,62846.17764041545
2024-05-15 00:00:00+00:00,61840.29935964529
2024-05-16 00:00:00+00:00,65728.83251876361
2024-05-17 00:00:00+00:00,65475.592073883956
2024-05-18 00:00:00+00:00,66964.13191469182
2024-05-19 00:00:00+00:00,67126.95149857245
2024-05-20 00:00:00+00:00,66598.2589575993
2024-05-21 00:00:00+00:00,70784.94313228689
2024-05-22 00:00:00+00:00,70460.21416076647
2024-05-23 00:00:00+00:00,69561.69687671034
2024-05-24 00:00:00+00:00,68435.93492222975
2024-05-25 00:00:00+00:00,68745.0919812657
2024-05-26 00:00:00+00:00,69403.08963121312
2024-05-27 00:00:00+00:00,68932.07763679179
2024-05-28 00:00:00+00:00,69542.42793278492
2024-05-29 00:00:00+00:00,68779.7000142292
2024-05-30 00:00:00+00:00,68003.54556706532
2024-05-31 00:00:00+00:00,68496.45339264836
2024-06-01 00:00:00+00:00,67873.73064654104
2024-06-02 00:00:00+00:00,67949.44933217032
2024-06-03 00:00:00+00:00,67986.15448259174
2024-06-04 00:00:00+00:00,68855.79666223783
2024-06-05 00:00:00+00:00,70474.03527619851
2024-06-06 00:00:00+00:00,71231.3197717562
2024-06-07 00:00:00+00:00,71084.71138048169
2024-06-08 00:00:00+00:00,69853.1853610526
2024-06-09 00:00:00+00:00,69614.59931584267
2024-06-10 00:00:00+00:00,69857.13253926788
2024-06-11 00:00:00+00:00,69783.82181886156
2024-06-12 00:00:00+00:00,67933.96510071808
2024-06-13 00:00:00+00:00,68389.20267768828
2024-06-14 00:00:00+00:00,67183.9243808075
2024-06-15 00:00:00+00:00,66373.37970346233
2024-06-16 00:00:00+00:00,66365.02866204924
2024-06-17 00:00:00+00:00,66718.39083165443
2024-06-18 00:00:00+00:00,66654.40054984254
2024-06-19 00:00:00+00:00,65541.3009590607
2024-06-20 00:00:00+00:00,65145.99123471944
2024-06-21 00:00:00+00:00,65000.661241277536
2024-06-22 00:00:00+00:00,64359.962890078095
2024-06-23 00:00:00+00:00,64352.59553059185
2024-06-24 00:00:00+00:00,63464.79063688291
2024-06-25 00:00:00+00:00,60883.54823037702
2024-06-26 00:00:00+00:00,61722.84623115197
2024-06-27 00:00:00+00:00,61053.67342500479
2024-06-28 00:00:00+00:00,61359.60663403794
2024-06-29 00:00:00+00:00,60257.9569974549
2024-06-30 00:00:00+00:00,60502.03201436671
2024-07-01 00:00:00+00:00,62167.03895374898
2024-07-02 00:00:00+00:00,62832.564078666095
2024-07-03 00:00:00+00:00,62249.84067424037
2024-07-04 00:00:00+00:00,60698.9308667778
2024-07-05 00:00:00+00:00,57844.40350333073
2024-07-06 00:00:00+00:00,56853.14853476906
2024-07-07 00:00:00+00:00,57905.78316358481
2024-07-08 00:00:00+00:00,56233.15420161183
2024-07-09 00:00:00+00:00,56548.92345113891
2024-07-10 00:00:00+00:00,57611.54557997014
2024-07-11 00:00:00+00:00,57677.95284482134
2024-07-12 00:00:00+00:00,57339.23744290923
2024-07-13 00:00:00+00:00,57679.700054830355
2024-07-14 00:00:00+00:00,58809.96687569526
2024-07-15 00:00:00+00:00,60310.79898845604
2024-07-16 00:00:00+00:00,63769.99851799828
2024-07-17 00:00:00+00:00,64822.80808195381
2024-07-18 00:00:00+00:00,64160.77614941394
2024-07-19 00:00:00+00:00,63930.60704047743
2024-07-20 00:00:00+00:00,66129.45045620446
2024-07-21 00:00:00+00:00,66935.76779767923
2024-07-22 00:00:00+00:00,67983.18476478446
2024-07-23 00:00:00+00:00,67642.29249850874
2024-07-24 00:00:00+00:00,66288.61767903999
2024-07-25 00:00:00+00:00,65464.028534660225
2024-07-26 00:00:00+00:00,65776.49033291578
2024-07-27 00:00:00+00:00,67837.46286980396
2024-07-28 00:00:00+00:00,67917.26873341503
2024-07-29 00:00:00+00:00,68249.6979635484
2024-07-30 00:00:00+00:00,66906.06934854454
2024-07-31 00:00:00+00:00,66185.55742739381
2024-08-01 00:00:00+00:00,64673.26324348879
2024-08-02 00:00:00+00:00,65203.598218147126
2024-08-03 00:00:00+00:00,61635.800587401274
2024-08-04 00:00:00+00:00,60658.97850230973
2024-08-05 00:00:00+00:00,58182.93953097524
2024-08-06 00:00:00+00:00,54014.12368956321
2024-08-07 00:00:00+00:00,55808.84360648283
2024-08-08 00:00:00+00:00,55091.78774149614
2024-08-09 00:00:00+00:00,61149.47018091662
2024-08-10 00:00:00+00:00,60811.85587772373
2024-08-11 00:00:00+00:00,60873.502055920646
2024-08-12 00:00:00+00:00,58788.58913715823
2024-08-13 00:00:00+00:00,59220.51986626879
2024-08-14 00:00:00+00:00,60445.13401026574
2024-08-15 00:00:00+00:00,58724.48644126715
2024-08-16 00:00:00+00:00,57523.338080597954
2024-08-17 00:00:00+00:00,58710.61186123181
2024-08-18 00:00:00+00:00,59369.79756468597
2024-08-19 00:00:00+00:00,58460.567611404505
2024-08-20 00:00:00+00:00,59377.53073661048
2024-08-21 00:00:00+00:00,59010.440461649276
2024-08-22 00:00:00+00:00,60987.60712196359
2024-08-23 00:00:00+00:00,60399.47573642401
2024-08-24 00:00:00+00:00,63838.70036283227
2024-08-25 00:00:00+00:00,64140.09279173393
2024-08-26 00:00:00+00:00,64241.102852131175
2024-08-27 00:00:00+00:00,62922.91770990545
2024-08-28 00:00:00+00:00,59528.33273753037
2024-08-29 00:00:00+00:00,58992.82623807361
2024-08-30 00:00:00+00:00,59303.59720038011
2024-08-31 00:00:00+00:00,59083.937121268216
2024-09-01 00:00:00+00:00,58945.02568190511
2024-09-02 00:00:00+00:00,57349.988325802195
2024-09-03 00:00:00+00:00,59024.61961337777
2024-09-04 00:00:00+00:00,57526.599947260635
2024-09-05 00:00:00+00:00,57912.05763059146
2024-09-06 00:00:00+00:00,56244.207992015916
2024-09-07 00:00:00+00:00,54142.34865499388
2024-09-08 00:00:00+00:00,54063.117134771215
2024-09-09 00:00:00+00:00,54732.54859015361
2024-09-10 00:00:00+00:00,56832.30844722347
2024-09-11 00:00:00+00:00,57566.144801007285
2024-09-12 00:00:00+00:00,57331.07204474008
2024-09-13 00:00:00+00:00,58069.563508812134
2024-09-14 00:00:00+00:00,60361.62676637068
2024-09-15 00:00:00+00:00,60036.468252145474
2024-09-16 00:00:00+00:00,59174.58235090897
2024-09-17 00:00:00+00:00,58245.333256957594
2024-09-18 00:00:00+00:00,60173.02626626682
2024-09-19 00:00:00+00:00,61656.821067255274
2024-09-20 00:00:00+00:00,62887.91692544025
2024-09-21 00:00:00+00:00,63180.2818141807
2024-09-22 00:00:00+00:00,63328.25575785801
2024-09-23 00:00:00+00:00,63532.78703035208
2024-09-24 00:00:00+00:00,63278.08089250521
2024-09-25 00:00:00+00:00,64213.54620322474
2024-09-26 00:00:00+00:00,63091.99000727504
2024-09-27 00:00:00+00:00,65130.09584374864
2024-09-28 00:00:00+00:00,65755.46685236682
2024-09-29 00:00:00+00:00,65849.8356356514
2024-09-30 00:00:00+00:00,65563.99800858785
2024-10-01 00:00:00+00:00,63261.186513839886
2024-10-02 00:00:00+00:00,60749.711922731054
2024-10-03 00:00:00+00:00,60583.740338136915
2024-10-04 00:00:00+00:00,60696.283149390816
2024-10-05 00:00:00+00:00,62037.83752471303
2024-10-06 00:00:00+00:00,62018.596752585465
2024-10-07 00:00:00+00:00,62775.326705471
2024-10-08 00:00:00+00:00,62195.35896513119
2024-10-09 00:00:00+00:00,62080.5033272644
2024-10-10 00:00:00+00:00,60497.23061482255
2024-10-11 00:00:00+00:00,60189.27475705715
2024-10-12 00:00:00+00:00,62384.454219320025
2024-10-13 00:00:00+00:00,63139.76678308886
2024-10-14 00:00:00+00:00,62794.39497884408
2024-10-15 00:00:00+00:00,66042.39599729975
2024-10-16 00:00:00+00:00,67046.9933591191
2024-10-17 00:00:00+00:00,67620.14237258204
2024-10-18 00:00:00+00:00,67388.0291712201
2024-10-19 00:00:00+00:00,68430.18366184189
2024-10-20 00:00:00+00:00,68370.88735465058
2024-10-21 00:00:00+00:00,69023.43723333174
2024-10-22 00:00:00+00:00,67339.40637840724
2024-10-23 00:00:00+00:00,67389.12446498865
2024-10-24 00:00:00+00:00,66606.06709642915
2024-10-25 00:00:00+00:00,68175.04221370384
2024-10-26 00:00:00+00:00,66591.06548164312
2024-10-27 00:00:00+00:00,67030.01919374891
2024-10-28 00:00:00+00:00,67967.1891781592
2024-10-29 00:00:00+00:00,69909.28108536168
2024-10-30 00:00:00+00:00,72828.23156537558
2024-10-31 00:00:00+00:00,72410.45616711408
2024-11-01 00:00:00+00:00,70305.195654488
2024-11-02 00:00:00+00:00,69542.18844300635
2024-11-03 00:00:00+00:00,69400.97926493865
2024-11-04 00:00:00+00:00,68786.83705077771
2024-11-05 00:00:00+00:00,67854.97676258138
2024-11-06 00:00:00+00:00,69447.07951195523
2024-11-07 00:00:00+00:00,75763.42202801778
2024-11-08 00:00:00+00:00,76045.2614492217
2024-11-09 00:00:00+00:00,76714.68187263967
2024-11-10 00:00:00+00:00,76880.18693648906
2024-11-11 00:00:00+00:00,80615.23343905623
2024-11-12 00:00:00+00:00,89650.79379194985
2024-11-13 00:00:00+00:00,88284.79251794056
2024-11-14 00:00:00+00:00,91298.84412237552
2024-11-15 00:00:00+00:00,87574.40639615987
2024-11-16 00:00:00+00:00,91339.41590310296
2024-11-17 00:00:00+00:00,90863.59019107863
2024-11-18 00:00:00+00:00,90094.0741093566
2024-11-19 00:00:00+00:00,90797.08136660735
2024-11-20 00:00:00+00:00,92642.27200516131
2024-11-21 00:00:00+00:00,95040.1466359099
2024-11-22 00:00:00+00:00,99345.849974436
2024-11-23 00:00:00+00:00,99893.6175328869
2024-11-24 00:00:00+00:00,98530.07826008754
2024-11-25 00:00:00+00:00,98737.45634797034
2024-11-26 00:00:00+00:00,93506.30790843906
2024-11-27 00:00:00+00:00,92118.27586082922
2024-11-28 00:00:00+00:00,96474.91471295655
2024-11-29 00:00:00+00:00,96206.1440170054
2024-11-30 00:00:00+00:00,97757.02548847793
2024-12-01 00:00:00+00:00,96956.53748685957
2024-12-02 00:00:00+00:00,97818.38014701358
2024-12-03 00:00:00+00:00,96322.94508553251
2024-12-04 00:00:00+00:00,96141.60172951117
2024-12-05 00:00:00+00:00,99249.0350102822
2024-12-06 00:00:00+00:00,97319.32973031205
2024-12-07 00:00:00+00:00,100177.25332331107
2024-12-08 00:00:00+00:00,100281.76238616908
2024-12-09 00:00:00+00:00,101540.9319603902
2024-12-10 00:00:00+00:00,97916.22357950374
2024-12-11 00:00:00+00:00,96987.53405638644
2024-12-12 00:00:00+00:00,101487.5355266878
2024-12-13 00:00:00+00:00,100489.47139873989
2024-12-14 00:00:00+00:00,101744.9011976498
2024-12-15 00:00:00+00:00,101701.5893810951
2024-12-16 00:00:00+00:00,104745.21823545029
2024-12-17 00:00:00+00:00,106440.64364423977
2024-12-18 00:00:00+00:00,106555.77719831522
2024-12-19 00:00:00+00:00,100481.16100284527
2024-12-20 00:00:00+00:00,97679.5261103677
2024-12-21 00:00:00+00:00,98076.56775504262
2024-12-22 00:00:00+00:00,97522.35522564357
2024-12-23 00:00:00+00:00,95388.15208097287
2024-12-24 00:00:00+00:00,95036.02903601217
2024-12-25 00:00:00+00:00,98903.77957765179
2024-12-26 00:00:00+00:00,99681.69696982404
2024-12-27 00:00:00+00:00,95943.22926882473
2024-12-28 00:00:00+00:00,94428.05672873197
2024-12-29 00:00:00+00:00,95374.04637275981
2024-12-30 00:00:00+00:00,93785.95259110538
2024-12-31 00:00:00+00:00,92859.73002333344
2025-01-01 00:00:00+00:00,93634.34721086058
2025-01-02 00:00:00+00:00,94657.25553199249
2025-01-03 00:00:00+00:00,97196.07278818179
2025-01-04 00:00:00+00:00,98428.96799978719
2025-01-05 00:00:00+00:00,98508.28389225966
2025-01-06 00:00:00+00:00,98633.46738123611
2025-01-07 00:00:00+00:00,102627.74305008102
2025-01-08 00:00:00+00:00,97256.79268586109
2025-01-09 00:00:00+00:00,95360.81082976657
2025-01-10 00:00:00+00:00,92833.4072992245
2025-01-11 00:00:00+00:00,95016.86623665497
2025-01-12 00:00:00+00:00,94890.19466335441
2025-01-13 00:00:00+00:00,94814.71547372316
2025-01-14 00:00:00+00:00,94817.1189872146
2025-01-15 00:00:00+00:00,96833.7199529816
2025-01-16 00:00:00+00:00,100852.71478213865
2025-01-17 00:00:00+00:00,100310.15762630862
2025-01-18 00:00:00+00:00,104481.25444894009
2025-01-19 00:00:00+00:00,104781.57140804305
2025-01-20 00:00:00+00:00,101561.59271723246
2025-01-21 00:00:00+00:00,102479.70109152794
2025-01-22 00:00:00+00:00,106510.48740857546
2025-01-23 00:00:00+00:00,103962.31993648795
2025-01-24 00:00:00+00:00,104269.03847709851
2025-01-25 00:00:00+00:00,105188.16690001027
2025-01-26 00:00:00+00:00,105061.14336056897
2025-01-27 00:00:00+00:00,102880.37855025528
2025-01-28 00:00:00+00:00,102386.01035777017
2025-01-29 00:00:00+00:00,101576.8022767965
2025-01-30 00:00:00+00:00,104043.31360211316
2025-01-31 00:00:00+00:00,105052.54475314688
2025-02-01 00:00:00+00:00,102695.61636564744
2025-02-02 00:00:00+00:00,100911.37363072103
2025-02-03 00:00:00+00:00,97935.11367313488
2025-02-04 00:00:00+00:00,101760.66109674246
2025-02-05 00:00:00+00:00,98144.19451304384
2025-02-06 00:00:00+00:00,96897.3492233855
2025-02-07 00:00:00+00:00,96849.40805213762
2025-02-08 00:00:00+00:00,96810.671247828
2025-02-09 00:00:00+00:00,96743.64395024945
2025-02-10 00:00:00+00:00,96755.72900835294
2025-02-11 00:00:00+00:00,97739.74869991532
2025-02-12 00:00:00+00:00,96044.2687266689
2025-02-13 00:00:00+00:00,98139.15120011775
2025-02-14 00:00:00+00:00,96941.13221701837
2025-02-15 00:00:00+00:00,97798.8085600552
2025-02-16 00:00:00+00:00,97873.42256751149
2025-02-17 00:00:00+00:00,96420.67601620712
2025-02-18 00:00:00+00:00,96028.03456985852
2025-02-19 00:00:00+00:00,95843.24616697588
2025-02-20 00:00:00+00:00,96851.73656207259
2025-02-21 00:00:00+00:00,98547.31711962094
2025-02-22 00:00:00+00:00,96408.8991298969
2025-02-23 00:00:00+00:00,96775.80743585102
2025-02-24 00:00:00+00:00,96497.54894261755
2025-02-25 00:00:00+00:00,91819.00950931199
2025-02-26 00:00:00+00:00,88539.07933129779
2025-02-27 00:00:00+00:00,83742.00818843898
2025-02-28 00:00:00+00:00,84349.67299991673
2025-03-01 00:00:00+00:00,84040.6991599887
2025-03-02 00:00:00+00:00,86186.15875005606
2025-03-03 00:00:00+00:00,94487.70315676228
2025-03-04 00:00:00+00:00,86732.29730503679
2025-03-05 00:00:00+00:00,87341.61130887854
2025-03-06 00:00:00+00:00,90569.43570624453
2025-03-07 00:00:00+00:00,90110.28715444628
2025-03-08 00:00:00+00:00,86933.50097300473
2025-03-09 00:00:00+00:00,86046.55421751167
2025-03-10 00:00:00+00:00,80783.44211976783
2025-03-11 00:00:00+00:00,78162.32778790941
2025-03-12 00:00:00+00:00,82064.63822192905
2025-03-13 00:00:00+00:00,83228.48271753118
2025-03-14 00:00:00+00:00,80996.62822147246
2025-03-15 00:00:00+00:00,83914.46641052135
2025-03-16 00:00:00+00:00,84368.63795296253
2025-03-17 00:00:00+00:00,82740.02449000515
2025-03-18 00:00:00+00:00,83849.23096199891
2025-03-19 00:00:00+00:00,82830.41365203164
2025-03-20 00:00:00+00:00,86325.22779085708
2025-03-21 00:00:00+00:00,84449.92919634852
2025-03-22 00:00:00+00:00,84083.31435300651
2025-03-23 00:00:00+00:00,83813.24223879761
2025-03-24 00:00:00+00:00,85761.39785058846
2025-03-25 00:00:00+00:00,87258.29717879498
2025-03-26 00:00:00+00:00,87357.2083656705
2025-03-27 00:00:00+00:00,86858.40396917044
2025-03-28 00:00:00+00:00,87017.09096211905
2025-03-29 00:00:00+00:00,84695.7723481957
2025-03-30 00:00:00+00:00,82801.2584167125
2025-03-31 00:00:00+00:00,82322.75536192974
2025-04-01 00:00:00+00:00,82446.41948741696
2025-04-02 00:00:00+00:00,84696.04226588435
2025-04-03 00:00:00+00:00,82768.69318872309
2025-04-04 00:00:00+00:00,82972.49763209146
2025-04-05 00:00:00+00:00,83620.74136402992
2025-04-06 00:00:00+00:00,83427.10752238965
2025-04-07 00:00:00+00:00,79003.54193524193
2025-04-08 00:00:00+00:00,78969.03920362063
2025-04-09 00:00:00+00:00,76504.98470561668
2025-04-10 00:00:00+00:00,81361.26922315489
2025-04-11 00:00:00+00:00,79741.94956570439
2025-04-12 00:00:00+00:00,82560.11696231563
2025-04-13 00:00:00+00:00,84682.19514755369
2025-04-14 00:00:00+00:00,83778.92097124354
2025-04-15 00:00:00+00:00,84316.80530557835
2025-04-16 00:00:00+00:00,83697.66475005438
2025-04-17 00:00:00+00:00,83851.33519104803
2025-04-18 00:00:00+00:00,84617.01825250985
2025-04-19 00:00:00+00:00,84351.00203924741
2025-04-20 00:00:00+00:00,84780.38916890018
2025-04-21 00:00:00+00:00,84955.35451721655
2025-04-22 00:00:00+00:00,86874.59901280733
2025-04-23 00:00:00+00:00,92335.75757310218
2025-04-24 00:00:00+00:00,93390.16448164846
2025-04-25 00:00:00+00:00,93868.46726921453
2025-04-26 00:00:00+00:00,94556.96110918009
2025-04-27 00:00:00+00:00,94618.57263734548
2025-04-28 00:00:00+00:00,93886.06143622604
2025-04-29 00:00:00+00:00,94824.9195871098
2025-04-30 00:00:00+00:00,94361.10088040015
2025-05-01 00:00:00+00:00,94182.5793657933
2025-05-02 00:00:00+00:00,96108.08223603899
2025-05-03 00:00:00+00:00,96806.40381515134
2025-05-04 00:00:00+00:00,96099.04653883626
2025-05-05 00:00:00+00:00,94652.19058325047
2025-05-06 00:00:00+00:00,94730.39736957297
2025-05-07 00:00:00+00:00,96467.45156689204
2025-05-08 00:00:00+00:00,96976.59245328912
2025-05-09 00:00:00+00:00,102078.57066042676
2025-05-10 00:00:00+00:00,102879.59917655798
2025-05-11 00:00:00+00:00,104466.00323439368
2025-05-12 00:00:00+00:00,104233.50742993638
2025-05-13 00:00:00+00:00,103075.2223554357
2025-05-14 00:00:00+00:00,104004.55822665256
2025-05-15 00:00:00+00:00,103687.81341098991
2025-05-16 00:00:00+00:00,103865.06787687322
2025-05-17 00:00:00+00:00,103664.16061727688
2025-05-18 00:00:00+00:00,103317.17146352386
2025-05-19 00:00:00+00:00,106074.3402229659
2025-05-20 00:00:00+00:00,105790.09103187402
2025-05-21 00:00:00+00:00,106748.26036639915
2025-05-22 00:00:00+00:00,109499.17462709032
2025-05-23 00:00:00+00:00,111788.17175276006
2025-05-24 00:00:00+00:00,108622.76600102881
2025-05-25 00:00:00+00:00,107893.34918622443
2025-05-26 00:00:00+00:00,108882.6168583693
2025-05-27 00:00:00+00:00,109780.89060138886
2025-05-28 00:00:00+00:00,109494.49113887953
2025-05-29 00:00:00+00:00,108440.57790061735
2025-05-30 00:00:00+00:00,106290.96428318716
2025-05-31 00:00:00+00:00,104355.68407364404
2025-06-01 00:00:00+00:00,104771.07391387124
2025-06-02 00:00:00+00:00,105691.53505873277
2025-06-03 00:00:00+00:00,105862.11388698284
2025-06-04 00:00:00+00:00,105539.21408808537
2025-06-05 00:00:00+00:00,104893.94790940477
2025-06-06 00:00:00+00:00,102072.52307365078
2025-06-07 00:00:00+00:00,104002.6264333449
2025-06-08 00:00:00+00:00,105362.7634167845
2025-06-09 00:00:00+00:00,105759.97492704378
2025-06-10 00:00:00+00:00,109613.68688518803
2025-06-11 00:00:00+00:00,110288.36000370588
2025-06-12 00:00:00+00:00,109028.4161648403
2025-06-13 00:00:00+00:00,106310.91993526628
2025-06-14 00:00:00+00:00,106222.82775127293
2025-06-15 00:00:00+00:00,105647.59074305005
2025-06-16 00:00:00+00:00,105689.9247997096
2025-06-17 00:00:00+00:00,106732.2438564044
2025-06-18 00:00:00+00:00,104968.74479818238
2025-06-19 00:00:00+00:00,104994.91785723451
2025-06-20 00:00:00+00:00,104789.01979696102
2025-06-21 00:00:00+00:00,103579.18726886644
2025-06-22 00:00:00+00:00,102380.02703690069
2025-06-23 00:00:00+00:00,101227.01626792835
2025-06-24 00:00:00+00:00,104914.56452981992
2025-06-25 00:00:00+00:00,106027.26065451844
2025-06-26 00:00:00+00:00,107291.80988716261
2025-06-27 00:00:00+00:00,107102.3780943328
2025-06-28 00:00:00+00:00,107156.90162648864
2025-06-29 00:00:00+00:00,107413.81293251606
2025-06-30 00:00:00+00:00,108361.39504162739
2025-07-01 00:00:00+00:00,107517.15238034146
2025-07-02 00:00:00+00:00,106334.73519238974
2025-07-03 00:00:00+00:00,108448.14227147856
2025-07-04 00:00:00+00:00,109599.08615551307
2025-07-05 00:00:00+00:00,108549.271761778
2025-07-06 00:00:00+00:00,108479.98163843506
2025-07-07 00:00:00+00:00,109180.27633210437
2025-07-08 00:00:00+00:00,108545.84117356375
2025-07-09 00:00:00+00:00,109057.0091797144
2025-07-10 00:00:00+00:00,111131.64634749971
2025-07-11 00:00:00+00:00,115737.58513668986
2025-07-12 00:00:00+00:00,117623.45345457067
2025-07-13 00:00:00+00:00,117746.2399021674
2025-07-14 00:00:00+00:00,119195.96923788355
2025-07-15 00:00:00+00:00,120097.4591425038
2025-07-16 00:00:00+00:00,118383.26068824876
2025-07-17 00:00:00+00:00,118954.82018229549
2025-07-18 00:00:00+00:00,119519.17045899315
2025-07-19 00:00:00+00:00,118491.74523129137
2025-07-20 00:00:00+00:00,118249.978763842
2025-07-21 00:00:00+00:00,117715.76742898361
2025-07-22 00:00:00+00:00,117741.55364531658
2025-07-23 00:00:00+00:00,120045.73721780031
2025-07-24 00:00:00+00:00,119228.56543692091
2025-07-25 00:00:00+00:00,118684.5991024986
2025-07-26 00:00:00+00:00,118003.25294924913
2025-07-27 00:00:00+00:00,118217.23152714096
2025-07-28 00:00:00+00:00,119615.71134040432
2025-07-29 00:00:00+00:00,118437.95300749684
2025-07-30 00:00:00+00:00,118203.08858376765
2025-07-31 00:00:00+00:00,118105.84707311737
2025-08-01 00:00:00+00:00,116189.98552354577
2025-08-02 00:00:00+00:00,113722.61097810151
2025-08-03 00:00:00+00:00,112836.54563360421
2025-08-04 00:00:00+00:00,114347.63165735432
2025-08-05 00:00:00+00:00,115232.26783431723
2025-08-06 00:00:00+00:00,114470.71049182054
2025-08-07 00:00:00+00:00,115222.56163177712
2025-08-08 00:00:00+00:00,117628.90619143617
2025-08-09 00:00:00+00:00,117009.1151402527
2025-08-10 00:00:00+00:00,116854.07088609335
2025-08-11 00:00:00+00:00,119277.39909937573
2025-08-12 00:00:00+00:00,119100.34284446272
2025-08-13 00:00:00+00:00,120339.16156865603
2025-08-14 00:00:00+00:00,123454.35114055533
2025-08-15 00:00:00+00:00,118875.75217548102
2025-08-16 00:00:00+00:00,117719.62003153744
2025-08-17 00:00:00+00:00,117728.323162844
2025-08-18 00:00:00+00:00,117756.86523468002
2025-08-19 00:00:00+00:00,116530.95243590821
2025-08-20 00:00:00+00:00,113098.65884286366
2025-08-21 00:00:00+00:00,114516.45006409608
2025-08-22 00:00:00+00:00,112695.81418019299
2025-08-23 00:00:00+00:00,117128.02314148424
2025-08-24 00:00:00+00:00,115675.19960890348
2025-08-25 00:00:00+00:00,113721.88995696673
2025-08-26 00:00:00+00:00,110322.98519700834
2025-08-27 00:00:00+00:00,111828.41937782496
2025-08-28 00:00:00+00:00,111439.35180185578
2025-08-29 00:00:00+00:00,112668.37242690584
2025-08-30 00:00:00+00:00,108717.8006386627
2025-08-31 00:00:00+00:00,108935.34818607112
2025-09-01 00:00:00+00:00,108417.87318977564
2025-09-02 00:00:00+00:00,109311.0282507532
2025-09-03 00:00:00+00:00,111264.81767948381
2025-09-04 00:00:00+00:00,111878.3892442909
2025-09-05 00:00:00+00:00,110935.23935131871
2025-09-06 00:00:00+00:00,110805.78619970019
2025-09-07 00:00:00+00:00,110381.16532273698
2025-09-08 00:00:00+00:00,111228.90583935048
2025-09-09 00:00:00+00:00,112197.0855510671
2025-09-10 00:00:00+00:00,111692.75915613907
2025-09-11 00:00:00+00:00,113947.22098229712
2025-09-12 00:00:00+00:00,115433.01446879042
2025-09-13 00:00:00+00:00,116172.61160121774
2025-09-14 00:00:00+00:00,116091.32652861593
2025-09-15 00:00:00+00:00,115473.84780212028
2025-09-16 00:00:00+00:00,115491.96280684955
2025-09-17 00:00:00+00:00,116893.901978887
2025-09-18 00:00:00+00:00,116612.07980415986
2025-09-19 00:00:00+00:00,117217.91645325682
2025-09-20 00:00:00+00:00,115881.21699238406
2025-09-21 00:00:00+00:00,115860.53023443447
2025-09-22 00:00:00+00:00,115408.5738124267
2025-09-23 00:00:00+00:00,112874.21775342898
2025-09-24 00:00:00+00:00,112093.07007940642
2025-09-25 00:00:00+00:00,113295.12634701966
2025-09-26 00:00:00+00:00,109322.92997977618
2025-09-27 00:00:00+00:00,109659.71341425303
2025-09-28 00:00:00+00:00,109684.4792821018
2025-09-29 00:00:00+00:00,112097.4127616469
2025-09-30 00:00:00+00:00,114351.62741781735
2025-10-01 00:00:00+00:00,114115.44750295083
2025-10-02 00:00:00+00:00,118577.52460566309
2025-10-03 00:00:00+00:00,120671.22547863705
2025-10-04 00:00:00+00:00,122405.64740320278
2025-10-05 00:00:00+00:00,122579.43875126634
2025-10-06 00:00:00+00:00,123654.18436709106
2025-10-07 00:00:00+00:00,124870.9693044763
2025-10-08 00:00:00+00:00,121640.07885392352
2025-10-09 00:00:00+00:00,123418.42155524965
2025-10-10 00:00:00+00:00,121941.65768159588
2025-10-11 00:00:00+00:00,113212.86801693015
2025-10-12 00:00:00+00:00,110801.46622881238
2025-10-13 00:00:00+00:00,115164.57555912502
2025-10-14 00:00:00+00:00,115319.34721132538
2025-10-15 00:00:00+00:00,113100.79998103245
2025-10-16 00:00:00+00:00,110808.0511263998
2025-10-17 00:00:00+00:00,108210.50888035151
2025-10-18 00:00:00+00:00,106473.67395671751
2025-10-19 00:00:00+00:00,107220.028245706
2025-10-20 00:00:00+00:00,108702.69299114296
2025-10-21 00:00:00+00:00,110619.25466997758
2025-10-22 00:00:00+00:00,108367.02038693846
2025-10-23 00:00:00+00:00,107623.60286450849
2025-10-24 00:00:00+00:00,110161.16893101386
2025-10-25 00:00:00+00:00,111102.05276791347
2025-10-26 00:00:00+00:00,111744.6064110527
2025-10-27 00:00:00+00:00,114646.98079072835
2025-10-28 00:00:00+00:00,114162.22768798533
2025-10-29 00:00:00+00:00,112983.75072422829
2025-10-30 00:00:00+00:00,110067.54004375052
2025-10-31 00:00:00+00:00,108312.9926683698
2025-11-01 00:00:00+00:00,109574.0929553087
2025-11-02 00:00:00+00:00,110072.10218484025
2025-11-03 00:00:00+00:00,110556.166973414
2025-11-04 00:00:00+00:00,106533.54593958384
2025-11-05 00:00:00+00:00,101424.81591121785
2025-11-06 00:00:00+00:00,103849.89029238356
2025-11-07 00:00:00+00:00,101234.32040143319
2025-11-08 00:00:00+00:00,103224.81454310313
2025-11-09 00:00:00+00:00,102258.42954797024
2025-11-10 00:00:00+00:00,104690.18539403836
2025-11-11 00:00:00+00:00,105960.69802648496
2025-11-12 00:00:00+00:00,102972.56799254408
2025-11-13 00:00:00+00:00,101558.14698753053
2025-11-14 00:00:00+00:00,99496.59010639966
2025-11-15 00:00:00+00:00,94329.33165906176
2025-11-16 00:00:00+00:00,95365.45187442853
2025-11-17 00:00:00+00:00,93991.5278813024
2025-11-18 00:00:00+00:00,91891.40795286848
2025-11-19 00:00:00+00:00,92698.71378492321
2025-11-20 00:00:00+00:00,91266.92797781408
2025-11-21 00:00:00+00:00,86273.51579060935
2025-11-22 00:00:00+00:00,84795.21099806015
2025-11-23 00:00:00+00:00,84420.19537878712
2025-11-24 00:00:00+00:00,86559.7793787234
2025-11-25 00:00:00+00:00,88048.2288640878
2025-11-26 00:00:00+00:00,87093.9170564241
2025-11-27 00:00:00+00:00,90249.44578870074
2025-11-28 00:00:00+00:00,91108.53985241085
2025-11-29 00:00:00+00:00,90686.75066444048
2025-11-30 00:00:00+00:00,90607.71782042808
2025-12-01 00:00:00+00:00,90154.59180748588
2025-12-02 00:00:00+00:00,86032.68474967577
2025-12-03 00:00:00+00:00,91093.0086688268
2025-12-04 00:00:00+00:00,93287.02416492756
2025-12-05 00:00:00+00:00,91900.4088068855
2025-12-06 00:00:00+00:00,89140.11512802007
2025-12-07 00:00:00+00:00,89060.0581430914
2025-12-08 00:00:00+00:00,90233.67080196046
2025-12-09 00:00:00+00:00,90472.50455754802
2025-12-10 00:00:00+00:00,92531.73521064986
2025-12-11 00:00:00+00:00,91864.38346526679
2025-12-12 00:00:00+00:00,92348.25840486752
2025-12-13 00:00:00+00:00,90061.44435235897
2025-12-14 00:00:00+00:00,90056.00223134439
2025-12-15 00:00:00+00:00,87905.42456655433
2025-12-16 00:00:00+00:00,86152.98344729704
2025-12-17 00:00:00+00:00,87583.26854656507
2025-12-18 00:00:00+00:00,85948.13704132795
2025-12-19 00:00:00+00:00,85185.81842477212
2025-12-20 00:00:00+00:00,87859.91107844014
2025-12-21 00:00:00+00:00,88096.02394510305
2025-12-22 00:00:00+00:00,88409.63306108321
2025-12-23 00:00:00+00:00,88311.0139189889
2025-12-24 00:00:00+00:00,87195.91528769817
2025-12-25 00:00:00+00:00,87394.93938764438
2025-12-26 00:00:00+00:00,86958.68890777336
2025-12-27 00:00:00+00:00,87080.29965711712
2025-12-28 00:00:00+00:00,87586.28663959498
2025-12-29 00:00:00+00:00,87662.40148974997
2025-12-30 00:00:00+00:00,86922.38173303817
2025-12-31 00:00:00+00:00,88215.2868897405
2026-01-01 00:00:00+00:00,87304.73170739118
2026-01-02 00:00:00+00:00,88550.45316941402
2026-01-03 00:00:00+00:00,89773.80869746541
2026-01-04 00:00:00+00:00,90451.5648943302
2026-01-05 00:00:00+00:00,91364.5713734239
2026-01-06 00:00:00+00:00,93755.5912672588
2026-01-07 00:00:00+00:00,93587.2618463142
2026-01-08 00:00:00+00:00,91125.95612101909
2026-01-09 00:00:00+00:00,90884.04767563357
2026-01-10 00:00:00+00:00,90361.3401115909
2026-01-11 00:00:00+00:00,90231.5157546952
2026-01-12 00:00:00+00:00,90722.63418118107
2026-01-13 00:00:00+00:00,91040.15488830305
2026-01-14 00:00:00+00:00,95234.85435451737
2026-01-15 00:00:00+00:00,96815.27310579385
2026-01-16 00:00:00+00:00,95426.42721611206
2026-01-17 00:00:00+00:00,95363.38213251471
2026-01-18 00:00:00+00:00,94947.69717798971
2026-01-19 00:00:00+00:00,93460.17071646266
2026-01-20 00:00:00+00:00,92380.61878083489
2026-01-21 00:00:00+00:00,88102.81852625782
2026-01-22 00:00:00+00:00,89147.1603290814
2026-01-23 00:00:00+00:00,89239.33050937578
2026-01-24 00:00:00+00:00,89270.3891013429
2026-01-25 00:00:00+00:00,88876.68112314526
2026-01-26 00:00:00+00:00,86350.22453671074
2026-01-27 00:00:00+00:00,88053.32729706545
2026-01-28 00:00:00+00:00,88967.14297240748
2026-01-29 00:00:00+00:00,88988.00760621681
2026-01-30 00:00:00+00:00,84306.90365442172
2026-01-31 00:00:00+00:00,83945.5232517588
2026-02-01 00:00:00+00:00,78403.61477648407
2026-02-02 00:00:00+00:00,76639.55481596095
2026-02-03 00:00:00+00:00,78405.11108094447
2026-02-04 00:00:00+00:00,75357.39834184723
2026-02-05 00:00:00+00:00,72647.7672657672
2026-02-06 00:00:00+00:00,62355.0224919658
2026-02-07 00:00:00+00:00,69826.916993818
2026-02-08 00:00:00+00:00,68835.97219244958
2026-02-09 00:00:00+00:00,69796.52848671403
2026-02-10 00:00:00+00:00,69648.00007444117
2026-02-11 00:00:00+00:00,68387.0962338245
2026-02-12 00:00:00+00:00,66646.53851511258
2026-02-13 00:00:00+00:00,65776.87025035261
2026-02-14 00:00:00+00:00,68218.09680438098
2026-02-15 00:00:00+00:00,69376.5060148401
2026-02-16 00:00:00+00:00,68472.12987457628
2026-02-17 00:00:00+00:00,68493.26727091473
2026-02-18 00:00:00+00:00,67160.83396003618
2026-02-19 00:00:00+00:00,66118.92981835936
2026-02-20 00:00:00+00:00,66591.63878199403
2026-02-21 00:00:00+00:00,67605.44717581806
2026-02-22 00:00:00+00:00,67651.72621817204
2026-02-23 00:00:00+00:00,67308.90949758695
2026-02-24 00:00:00+00:00,64445.800586534744
2026-02-25 00:00:00+00:00,63729.14786603876
2026-02-26 00:00:00+00:00,67425.9129639712
2026-02-27 00:00:00+00:00,67136.76439253429
2026-02-28 00:00:00+00:00,65588.49945041472
2026-03-01 00:00:00+00:00,66537.24550234622
2026-03-02 00:00:00+00:00,65458.15638371888
2026-03-03 00:00:00+00:00,68179.80170068901
2026-03-04 00:00:00+00:00,67961.04020657377
2026-03-05 00:00:00+00:00,71995.13307594197
2026-03-06 00:00:00+00:00,70676.82779460258
2026-03-07 00:00:00+00:00,68030.47425152647
2026-03-08 00:00:00+00:00,66999.41611153277
2026-03-09 00:00:00+00:00,65734.13170622288
2026-03-10 00:00:00+00:00,67856.7063732728
2026-03-11 00:00:00+00:00,69431.3028811189
2026-03-12 00:00:00+00:00,69874.87221193223
2026-03-13 00:00:00+00:00,70209.84315408338
2026-03-14 00:00:00+00:00,70626.16321290928
2026-03-15 00:00:00+00:00,70911.21359243189
2026-03-16 00:00:00+00:00,72426.7557789833
2026-03-17 00:00:00+00:00,74468.28295945669
2026-03-18 00:00:00+00:00,73707.19989484416
2026-03-19 00:00:00+00:00,71156.21654195579
2026-03-20 00:00:00+00:00,69744.02922533569
2026-03-21 00:00:00+00:00,70215.06141976727
2026-03-22 00:00:00+00:00,68799.08268624212
2026-03-23 00:00:00+00:00,67706.48207483624
2026-03-24 00:00:00+00:00,70423.41251766334
2026-03-25 00:00:00+00:00,70357.13687395734
2026-03-26 00:00:00+00:00,71071.45786519212
2026-03-27 00:00:00+00:00,68939.92553183845
2026-03-28 00:00:00+00:00,66444.72352269368
2026-03-29 00:00:00+00:00,66191.42334172546
2026-03-30 00:00:00+00:00,65815.65991423675
2026-03-31 00:00:00+00:00,66466.81764838124
2026-04-01 00:00:00+00:00,67882.02125155812
2026-04-02 00:00:00+00:00,67917.19268311583
2026-04-03 00:00:00+00:00,66808.47240007897
2026-04-04 00:00:00+00:00,66742.42589088916
2026-04-05 00:00:00+00:00,67057.89914583649
2026-04-06 00:00:00+00:00,68632.27060817931
2026-04-07 00:00:00+00:00,68669.695858959
2026-04-08 00:00:00+00:00,71513.88188292658
2026-04-09 00:00:00+00:00,70987.76596810557
2026-04-10 00:00:00+00:00,71584.38211422681
2026-04-11 00:00:00+00:00,72712.14754245417
2026-04-12 00:00:00+00:00,72905.89884992945
2026-04-13 00:00:00+00:00,70780.22259388003
2026-04-14 00:00:00+00:00,73925.35111539572
2026-04-15 00:00:00+00:00,74005.59117553323
2026-04-16 00:00:00+00:00,74589.49401777948
2026-04-17 00:00:00+00:00,74984.80528946486
2026-04-18 00:00:00+00:00,76787.08694028479
2026-04-19 00:00:00+00:00,75740.63299942783
2026-04-20 00:00:00+00:00,73918.23451117273
2026-04-21 00:00:00+00:00,75557.60209949133
2026-04-22 00:00:00+00:00,76185.34051348007
2026-04-23 00:00:00+00:00,77936.20200380677
2026-04-24 00:00:00+00:00,78175.80903451759
2026-04-25 00:00:00+00:00,77469.07278500026
2026-04-26 00:00:00+00:00,77536.28803189103
2026-04-27 00:00:00+00:00,78473.47894537257
2026-04-28 00:00:00+00:00,77398.1810392754
2026-04-29 00:00:00+00:00,76339.80321852554
2026-04-30 00:00:00+00:00,75712.95814806374
2026-05-01 00:00:00+00:00,76168.86204636213
2026-05-02 00:00:00+00:00,77972.81994139934
2026-05-03 00:00:00+00:00,78564.19045091598
2026-05-04 00:00:00+00:00,78500.8366071499
2026-05-05 00:00:00+00:00,79666.96814217282
2026-05-06 00:00:00+00:00,80763.40193867811
2026-05-07 00:00:00+00:00,81338.5366233199
2026-05-08 00:00:00+00:00,80062.04587420201
2026-05-09 00:00:00+00:00,80118.82892104151
2026-05-10 00:00:00+00:00,80523.41080149557
2026-05-11 00:00:00+00:00,81956.68139300901
2026-05-12 00:00:00+00:00,81677.03211672707
2026-05-13 00:00:00+00:00,80515.76968684174
2026-05-14 00:00:00+00:00,79323.81078352456
2026-05-15 00:00:00+00:00,80832.79128666488
2026-05-16 00:00:00+00:00,79164.55616373252
2026-05-17 00:00:00+00:00,78128.31941998933
2026-05-18 00:00:00+00:00,77425.26265427875
2026-05-19 00:00:00+00:00,76873.86568980553
2026-05-20 00:00:00+00:00,76576.80660511757
2026-05-21 00:00:00+00:00,77365.44512337068
2026-05-22 00:00:00+00:00,77538.30352100475
2026-05-23 00:00:00+00:00,75760.65003516416
2026-05-24 00:00:00+00:00,76472.1547364801
2026-05-25 00:00:00+00:00,76891.76791806855
2026-05-26 00:00:00+00:00,77199.37060280329
2026-05-27 00:00:00+00:00,76063.16219593261
2026-05-28 00:00:00+00:00,74427.61744743504
2026-05-29 00:00:00+00:00,73589.7725933328
2026-05-30 00:00:00+00:00,73292.23965697663
2026-05-31 00:00:00+00:00,73528.70806358969
2026-06-01 00:00:00+00:00,73418.66120651404
2026-06-02 00:00:00+00:00,71474.02773212067
2026-06-03 00:00:00+00:00,66956.47108942203
2026-06-04 00:00:00+00:00,63525.19800779615
2026-06-05 00:00:00+00:00,62840.24999910026
2026-06-06 00:00:00+00:00,60360.833677128525
2026-06-07 00:00:00+00:00,59948.01725191624
2026-06-08 00:00:00+00:00,62925.178597553655
2026-06-09 00:00:00+00:00,62940.019869108735
2026-06-10 00:00:00+00:00,61720.017324088556
2026-06-11 00:00:00+00:00,61425.09648125468
2026-06-12 00:00:00+00:00,63015.87576594587
2026-06-13 00:00:00+00:00,63507.60954620126
2026-06-14 00:00:00+00:00,64392.06408585879
2026-06-15 00:00:00+00:00,65684.226284934
2026-06-16 00:00:00+00:00,66250.60231900917
2026-06-17 00:00:00+00:00,65577.54103167866
2026-06-18 00:00:00+00:00,64412.25079518062
2026-06-19 00:00:00+00:00,62844.7587058754
2026-06-20 00:00:00+00:00,63456.43113718099
2026-06-21 00:00:00+00:00,64209.7741556447
2026-06-22 00:00:00+00:00,63185.59319240204
2026-06-23 00:00:00+00:00,63910.8178007504
2026-06-24 00:00:00+00:00,62602.4954738916
2026-06-25 00:00:00+00:00,60935.95451288663
2026-06-26 00:00:00+00:00,59643.28273407724
2026-06-27 00:00:00+00:00,59964.635540567375
2026-06-28 00:00:00+00:00,59876.65535721274
2026-06-29 00:00:00+00:00,59406.417911836485
2026-06-30 00:00:00+00:00,60110.5053831682
2026-07-01 00:00:00+00:00,58334.360730297776
2026-07-02 00:00:00+00:00,59929.908830056906
2026-07-03 00:00:00+00:00,61438.46577767496
2026-07-04 00:00:00+00:00,62490.005202294626
2026-07-05 00:00:00+00:00,63047.21762014685
2026-07-06 00:00:00+00:00,63560.29513273912
2026-07-07 00:00:00+00:00,63957.98238165776
