Timestamp,Persistence_Enhanced_Transformer
2023-08-12 00:00:00+00:00,28741.579866170883
2023-08-13 00:00:00+00:00,28758.140666484833
2023-08-14 00:00:00+00:00,28630.065996170044
2023-08-15 00:00:00+00:00,28751.288217544556
2023-08-16 00:00:00+00:00,28520.78960609436
2023-08-17 00:00:00+00:00,28061.05993616581
2023-08-18 00:00:00+00:00,26050.55267393589
2023-08-19 00:00:00+00:00,25472.914992034435
2023-08-20 00:00:00+00:00,25518.042001247406
2023-08-21 00:00:00+00:00,25610.93131828308
2023-08-22 00:00:00+00:00,25545.38656771183
2023-08-23 00:00:00+00:00,25464.25130236149
2023-08-24 00:00:00+00:00,25843.876064777374
2023-08-25 00:00:00+00:00,25587.161169052124
2023-08-26 00:00:00+00:00,25468.444507598877
2023-08-27 00:00:00+00:00,25428.98414373398
2023-08-28 00:00:00+00:00,25508.342158794403
2023-08-29 00:00:00+00:00,25521.242148041725
2023-08-30 00:00:00+00:00,27107.38615322113
2023-08-31 00:00:00+00:00,26691.12524986267
2023-09-01 00:00:00+00:00,25355.26039338112
2023-09-02 00:00:00+00:00,25224.3082729578
2023-09-03 00:00:00+00:00,25295.07259607315
2023-09-04 00:00:00+00:00,25392.777472138405
2023-09-05 00:00:00+00:00,25245.16907095909
2023-09-06 00:00:00+00:00,25209.975323200226
2023-09-07 00:00:00+00:00,25174.81395816803
2023-09-08 00:00:00+00:00,25660.767259299755
2023-09-09 00:00:00+00:00,25331.570250034332
2023-09-10 00:00:00+00:00,25322.699481725693
2023-09-11 00:00:00+00:00,25261.352359056473
2023-09-12 00:00:00+00:00,24595.63569009304
2023-09-13 00:00:00+00:00,25268.821665287018
2023-09-14 00:00:00+00:00,25641.607142686844
2023-09-15 00:00:00+00:00,25937.73839378357
2023-09-16 00:00:00+00:00,26013.980948209763
2023-09-17 00:00:00+00:00,25978.349370360374
2023-09-18 00:00:00+00:00,25943.081156909466
2023-09-19 00:00:00+00:00,26172.765590548515
2023-09-20 00:00:00+00:00,26606.730255246162
2023-09-21 00:00:00+00:00,26522.74147796631
2023-09-22 00:00:00+00:00,25970.682966947556
2023-09-23 00:00:00+00:00,25988.406756341457
2023-09-24 00:00:00+00:00,25989.95020633936
2023-09-25 00:00:00+00:00,25662.638179779053
2023-09-26 00:00:00+00:00,25710.592443823814
2023-09-27 00:00:00+00:00,25623.38963699341
2023-09-28 00:00:00+00:00,25772.965734422207
2023-09-29 00:00:00+00:00,26423.018832325935
2023-09-30 00:00:00+00:00,26309.838745117188
2023-10-01 00:00:00+00:00,26363.63421690464
2023-10-02 00:00:00+00:00,27369.299698472023
2023-10-03 00:00:00+00:00,26892.554292082787
2023-10-04 00:00:00+00:00,26822.663000822067
2023-10-05 00:00:00+00:00,27169.43146586418
2023-10-06 00:00:00+00:00,26804.97323870659
2023-10-07 00:00:00+00:00,27323.593379974365
2023-10-08 00:00:00+00:00,27345.821103990078
2023-10-09 00:00:00+00:00,27308.843594133854
2023-10-10 00:00:00+00:00,26977.531956911087
2023-10-11 00:00:00+00:00,26783.088782429695
2023-10-12 00:00:00+00:00,26272.590465188026
2023-10-13 00:00:00+00:00,26157.827619314194
2023-10-14 00:00:00+00:00,26265.55174666643
2023-10-15 00:00:00+00:00,26253.863598704338
2023-10-16 00:00:00+00:00,26565.611176371574
2023-10-17 00:00:00+00:00,27878.470368504524
2023-10-18 00:00:00+00:00,27771.006593704224
2023-10-19 00:00:00+00:00,27692.813943862915
2023-10-20 00:00:00+00:00,28088.607788980007
2023-10-21 00:00:00+00:00,29021.046971797943
2023-10-22 00:00:00+00:00,29254.80795586109
2023-10-23 00:00:00+00:00,29328.404133200645
2023-10-24 00:00:00+00:00,32331.012614011765
2023-10-25 00:00:00+00:00,33154.67282885313
2023-10-26 00:00:00+00:00,33722.63674283028
2023-10-27 00:00:00+00:00,33397.9662206769
2023-10-28 00:00:00+00:00,33145.593418478966
2023-10-29 00:00:00+00:00,33326.34487426281
2023-10-30 00:00:00+00:00,33763.499902009964
2023-10-31 00:00:00+00:00,33721.39219671488
2023-11-01 00:00:00+00:00,33883.60119378567
2023-11-02 00:00:00+00:00,34644.725823402405
2023-11-03 00:00:00+00:00,34153.49002289772
2023-11-04 00:00:00+00:00,33947.81249040365
2023-11-05 00:00:00+00:00,34298.778336167336
2023-11-06 00:00:00+00:00,34258.723315894604
2023-11-07 00:00:00+00:00,34255.821954488754
2023-11-08 00:00:00+00:00,34619.37469983101
2023-11-09 00:00:00+00:00,34840.477867126465
2023-11-10 00:00:00+00:00,35869.2038744688
2023-11-11 00:00:00+00:00,36480.74023449421
2023-11-12 00:00:00+00:00,36317.05293273926
2023-11-13 00:00:00+00:00,36252.73957014084
2023-11-14 00:00:00+00:00,35665.6170797348
2023-11-15 00:00:00+00:00,34765.943261384964
2023-11-16 00:00:00+00:00,37026.308026731014
2023-11-17 00:00:00+00:00,35354.469944536686
2023-11-18 00:00:00+00:00,35803.86134982109
2023-11-19 00:00:00+00:00,35770.141127705574
2023-11-20 00:00:00+00:00,36585.8565672636
2023-11-21 00:00:00+00:00,36638.61532688141
2023-11-22 00:00:00+00:00,34956.93903827667
2023-11-23 00:00:00+00:00,36584.92086791992
2023-11-24 00:00:00+00:00,36464.51855802536
2023-11-25 00:00:00+00:00,36899.42686343193
2023-11-26 00:00:00+00:00,36960.937267541885
2023-11-27 00:00:00+00:00,36619.99091267586
2023-11-28 00:00:00+00:00,36404.970841407776
2023-11-29 00:00:00+00:00,36990.435770988464
2023-11-30 00:00:00+00:00,37012.9045586586
2023-12-01 00:00:00+00:00,36872.2208134532
2023-12-02 00:00:00+00:00,37837.740612089634
2023-12-03 00:00:00+00:00,38587.16755092144
2023-12-04 00:00:00+00:00,39090.47587609291
2023-12-05 00:00:00+00:00,41040.93900114298
2023-12-06 00:00:00+00:00,43083.15844833851
2023-12-07 00:00:00+00:00,42779.31093907356
2023-12-08 00:00:00+00:00,42317.44369441271
2023-12-09 00:00:00+00:00,43198.321282446384
2023-12-10 00:00:00+00:00,42728.45227813721
2023-12-11 00:00:00+00:00,42800.68022739887
2023-12-12 00:00:00+00:00,40316.8164601326
2023-12-13 00:00:00+00:00,40527.92891442776
2023-12-14 00:00:00+00:00,41925.41875219345
2023-12-15 00:00:00+00:00,42065.43752169609
2023-12-16 00:00:00+00:00,40984.95199531317
2023-12-17 00:00:00+00:00,41298.58829820156
2023-12-18 00:00:00+00:00,40418.43491822481
2023-12-19 00:00:00+00:00,41693.782380223274
2023-12-20 00:00:00+00:00,41310.70203888416
2023-12-21 00:00:00+00:00,42685.75269341469
2023-12-22 00:00:00+00:00,42888.83435076475
2023-12-23 00:00:00+00:00,43014.43441796303
2023-12-24 00:00:00+00:00,42747.8015409708
2023-12-25 00:00:00+00:00,42063.30152231455
2023-12-26 00:00:00+00:00,42608.61072278023
2023-12-27 00:00:00+00:00,41552.84938931465
2023-12-28 00:00:00+00:00,42493.80899977684
2023-12-29 00:00:00+00:00,41624.42400956154
2023-12-30 00:00:00+00:00,41125.4009642601
2023-12-31 00:00:00+00:00,41199.41465830803
2024-01-01 00:00:00+00:00,41306.79794061184
2024-01-02 00:00:00+00:00,43191.68990671635
2024-01-03 00:00:00+00:00,43956.875960826874
2024-01-04 00:00:00+00:00,41901.33045524359
2024-01-05 00:00:00+00:00,43193.01164376736
2024-01-06 00:00:00+00:00,43190.61678314209
2024-01-07 00:00:00+00:00,43007.581044495106
2024-01-08 00:00:00+00:00,42953.71033716202
2024-01-09 00:00:00+00:00,45935.1373180747
2024-01-10 00:00:00+00:00,45084.43500351906
2024-01-11 00:00:00+00:00,45628.60004556179
2024-01-12 00:00:00+00:00,45314.994337558746
2024-01-13 00:00:00+00:00,41817.54083144665
2024-01-14 00:00:00+00:00,41881.30360686779
2024-01-15 00:00:00+00:00,40779.16336208582
2024-01-16 00:00:00+00:00,41539.47411811352
2024-01-17 00:00:00+00:00,42162.928852021694
2024-01-18 00:00:00+00:00,41778.074642658234
2024-01-19 00:00:00+00:00,40357.33962392807
2024-01-20 00:00:00+00:00,40694.695730924606
2024-01-21 00:00:00+00:00,40738.778730511665
2024-01-22 00:00:00+00:00,40628.41351747513
2024-01-23 00:00:00+00:00,38643.9219660759
2024-01-24 00:00:00+00:00,38976.232023477554
2024-01-25 00:00:00+00:00,39177.645709991455
2024-01-26 00:00:00+00:00,39023.46051454544
2024-01-27 00:00:00+00:00,40882.213096380234
2024-01-28 00:00:00+00:00,41180.66252756119
2024-01-29 00:00:00+00:00,41084.91728758812
2024-01-30 00:00:00+00:00,42334.905118346214
2024-01-31 00:00:00+00:00,41983.806451678276
2024-02-01 00:00:00+00:00,41604.77090907097
2024-02-02 00:00:00+00:00,42106.06490671635
2024-02-03 00:00:00+00:00,42215.5840434432
2024-02-04 00:00:00+00:00,42031.240990400314
2024-02-05 00:00:00+00:00,41616.89034640789
2024-02-06 00:00:00+00:00,41703.900247335434
2024-02-07 00:00:00+00:00,42127.64494585991
2024-02-08 00:00:00+00:00,43352.66714680195
2024-02-09 00:00:00+00:00,44284.94151234627
2024-02-10 00:00:00+00:00,46103.76895624399
2024-02-11 00:00:00+00:00,46698.53016078472
2024-02-12 00:00:00+00:00,47229.51494050026
2024-02-13 00:00:00+00:00,48816.60340207815
2024-02-14 00:00:00+00:00,48604.56392765045
2024-02-15 00:00:00+00:00,50679.79163813591
2024-02-16 00:00:00+00:00,50775.32469642162
2024-02-17 00:00:00+00:00,50988.5942530632
2024-02-18 00:00:00+00:00,50502.94068622589
2024-02-19 00:00:00+00:00,50958.43396067619
2024-02-20 00:00:00+00:00,50625.28587001562
2024-02-21 00:00:00+00:00,51100.39958059788
2024-02-22 00:00:00+00:00,50679.20344465971
2024-02-23 00:00:00+00:00,50102.71382570267
2024-02-24 00:00:00+00:00,49604.39279383421
2024-02-25 00:00:00+00:00,50404.9786144495
2024-02-26 00:00:00+00:00,50561.86923515797
2024-02-27 00:00:00+00:00,53300.17831373215
2024-02-28 00:00:00+00:00,55786.243438482285
2024-02-29 00:00:00+00:00,61107.810094833374
2024-03-01 00:00:00+00:00,59788.65552932024
2024-03-02 00:00:00+00:00,61042.77795577049
2024-03-03 00:00:00+00:00,60649.66926884651
2024-03-04 00:00:00+00:00,61724.35483562946
2024-03-05 00:00:00+00:00,66823.06716114283
2024-03-06 00:00:00+00:00,62368.249680280685
2024-03-07 00:00:00+00:00,64639.422912597656
2024-03-08 00:00:00+00:00,65441.93112665415
2024-03-09 00:00:00+00:00,66755.88666021824
2024-03-10 00:00:00+00:00,66929.16615879536
2024-03-11 00:00:00+00:00,67479.17017185688
2024-03-12 00:00:00+00:00,70501.02065694332
2024-03-13 00:00:00+00:00,69870.82320553064
2024-03-14 00:00:00+00:00,71481.34904187918
2024-03-15 00:00:00+00:00,69772.13066214323
2024-03-16 00:00:00+00:00,67960.29860544205
2024-03-17 00:00:00+00:00,63793.513748168945
2024-03-18 00:00:00+00:00,66827.62376403809
2024-03-19 00:00:00+00:00,66105.37887650728
2024-03-20 00:00:00+00:00,60522.60692965984
2024-03-21 00:00:00+00:00,66363.12255477905
2024-03-22 00:00:00+00:00,64029.93789613247
2024-03-23 00:00:00+00:00,62391.789837777615
2024-03-24 00:00:00+00:00,62578.48097783327
2024-03-25 00:00:00+00:00,65693.7600402832
2024-03-26 00:00:00+00:00,68342.52809107304
2024-03-27 00:00:00+00:00,68439.76307451725
2024-03-28 00:00:00+00:00,67876.9912403822
2024-03-29 00:00:00+00:00,69224.5021070838
2024-03-30 00:00:00+00:00,68346.22519236803
2024-03-31 00:00:00+00:00,68062.71683162451
2024-04-01 00:00:00+00:00,69697.1499362588
2024-04-02 00:00:00+00:00,68147.76127231121
2024-04-03 00:00:00+00:00,64016.59574389458
2024-04-04 00:00:00+00:00,64523.739743471146
2024-04-05 00:00:00+00:00,67016.6124343872
2024-04-06 00:00:00+00:00,66351.16589999199
2024-04-07 00:00:00+00:00,67387.18306612968
2024-04-08 00:00:00+00:00,67818.84851145744
2024-04-09 00:00:00+00:00,70023.53797906637
2024-04-10 00:00:00+00:00,67602.94823527336
2024-04-11 00:00:00+00:00,69065.49217939377
2024-04-12 00:00:00+00:00,68465.62977224588
2024-04-13 00:00:00+00:00,65666.38714075089
2024-04-14 00:00:00+00:00,62641.340567588806
2024-04-15 00:00:00+00:00,64298.845056951046
2024-04-16 00:00:00+00:00,62040.38927614689
2024-04-17 00:00:00+00:00,62423.71883273125
2024-04-18 00:00:00+00:00,59925.942096948624
2024-04-19 00:00:00+00:00,62112.9103243351
2024-04-20 00:00:00+00:00,62412.786862015724
2024-04-21 00:00:00+00:00,63555.68680346012
2024-04-22 00:00:00+00:00,63515.24560153484
2024-04-23 00:00:00+00:00,65377.685706317425
2024-04-24 00:00:00+00:00,64952.46037596464
2024-04-25 00:00:00+00:00,62840.70488828421
2024-04-26 00:00:00+00:00,63069.132675111294
2024-04-27 00:00:00+00:00,62338.76016616821
2024-04-28 00:00:00+00:00,62029.96943253279
2024-04-29 00:00:00+00:00,61706.48831427097
2024-04-30 00:00:00+00:00,62423.913200855255
2024-05-01 00:00:00+00:00,59297.05428647995
2024-05-02 00:00:00+00:00,56975.67967891693
2024-05-03 00:00:00+00:00,57798.78590065241
2024-05-04 00:00:00+00:00,61530.10031461716
2024-05-05 00:00:00+00:00,62491.206265211105
2024-05-06 00:00:00+00:00,62609.99563163519
2024-05-07 00:00:00+00:00,61772.47098374367
2024-05-08 00:00:00+00:00,60947.62183666229
2024-05-09 00:00:00+00:00,59835.370822787285
2024-05-10 00:00:00+00:00,61687.47313320637
2024-05-11 00:00:00+00:00,59454.7957804203
2024-05-12 00:00:00+00:00,59477.81873130798
2024-05-13 00:00:00+00:00,60109.47607624531
2024-05-14 00:00:00+00:00,61548.49827539921
2024-05-15 00:00:00+00:00,60189.10444575548
2024-05-16 00:00:00+00:00,64784.757935762405
2024-05-17 00:00:00+00:00,63816.322798490524
2024-05-18 00:00:00+00:00,65577.349411726
2024-05-19 00:00:00+00:00,65456.848855018616
2024-05-20 00:00:00+00:00,64810.61669290066
2024-05-21 00:00:00+00:00,69822.08235353231
2024-05-22 00:00:00+00:00,68584.42871809006
2024-05-23 00:00:00+00:00,67589.98330163956
2024-05-24 00:00:00+00:00,66443.9762955904
2024-05-25 00:00:00+00:00,67033.15650749207
2024-05-26 00:00:00+00:00,67741.85667186975
2024-05-27 00:00:00+00:00,66973.83969134092
2024-05-28 00:00:00+00:00,67856.6643781662
2024-05-29 00:00:00+00:00,66815.81860852242
2024-05-30 00:00:00+00:00,66066.75399923325
2024-05-31 00:00:00+00:00,66823.54888880253
2024-06-01 00:00:00+00:00,65982.24904888868
2024-06-02 00:00:00+00:00,66222.58167856932
2024-06-03 00:00:00+00:00,66251.9406838417
2024-06-04 00:00:00+00:00,67277.5308201313
2024-06-05 00:00:00+00:00,69000.87421631813
2024-06-06 00:00:00+00:00,69544.09284055233
2024-06-07 00:00:00+00:00,69207.5503051281
2024-06-08 00:00:00+00:00,67791.29410147667
2024-06-09 00:00:00+00:00,67771.93513798714
2024-06-10 00:00:00+00:00,68098.525557518
2024-06-11 00:00:00+00:00,67962.51117181778
2024-06-12 00:00:00+00:00,65817.5203154087
2024-06-13 00:00:00+00:00,66733.59914368391
2024-06-14 00:00:00+00:00,65258.214516580105
2024-06-15 00:00:00+00:00,64538.48154735565
2024-06-16 00:00:00+00:00,64720.75638759136
2024-06-17 00:00:00+00:00,65151.83177804947
2024-06-18 00:00:00+00:00,65008.35698992014
2024-06-19 00:00:00+00:00,63708.77257436514
2024-06-20 00:00:00+00:00,63514.91084301472
2024-06-21 00:00:00+00:00,63416.020432412624
2024-06-22 00:00:00+00:00,62690.70051801205
2024-06-23 00:00:00+00:00,62818.82018959522
2024-06-24 00:00:00+00:00,61764.27604627609
2024-06-25 00:00:00+00:00,58928.53447151184
2024-06-26 00:00:00+00:00,60431.41256701946
2024-06-27 00:00:00+00:00,59471.383485138416
2024-06-28 00:00:00+00:00,60268.379291176796
2024-06-29 00:00:00+00:00,58990.71147322655
2024-06-30 00:00:00+00:00,59541.83830279112
2024-07-01 00:00:00+00:00,61298.486897706985
2024-07-02 00:00:00+00:00,61448.386357963085
2024-07-03 00:00:00+00:00,60670.36584252119
2024-07-04 00:00:00+00:00,58823.341700196266
2024-07-05 00:00:00+00:00,55798.08450579643
2024-07-06 00:00:00+00:00,55394.91204786301
2024-07-07 00:00:00+00:00,56977.24407041073
2024-07-08 00:00:00+00:00,54610.631037175655
2024-07-09 00:00:00+00:00,55472.00591266155
2024-07-10 00:00:00+00:00,56766.04146081209
2024-07-11 00:00:00+00:00,56473.51663887501
2024-07-12 00:00:00+00:00,56092.23614144325
2024-07-13 00:00:00+00:00,56621.931446909904
2024-07-14 00:00:00+00:00,57929.48022902012
2024-07-15 00:00:00+00:00,59491.404199540615
2024-07-16 00:00:00+00:00,63349.96449524164
2024-07-17 00:00:00+00:00,63655.190898001194
2024-07-18 00:00:00+00:00,62688.285844027996
2024-07-19 00:00:00+00:00,62563.85189986229
2024-07-20 00:00:00+00:00,65244.39520061016
2024-07-21 00:00:00+00:00,65683.40500295162
2024-07-22 00:00:00+00:00,66662.88209080696
2024-07-23 00:00:00+00:00,66075.18397629261
2024-07-24 00:00:00+00:00,64494.86614179611
2024-07-25 00:00:00+00:00,63939.25454521179
2024-07-26 00:00:00+00:00,64343.80053949356
2024-07-27 00:00:00+00:00,66421.94773042202
2024-07-28 00:00:00+00:00,66391.59680986404
2024-07-29 00:00:00+00:00,66754.08176994324
2024-07-30 00:00:00+00:00,65303.893218040466
2024-07-31 00:00:00+00:00,64709.644289553165
2024-08-01 00:00:00+00:00,63186.90723776817
2024-08-02 00:00:00+00:00,63852.750779390335
2024-08-03 00:00:00+00:00,60070.128816604614
2024-08-04 00:00:00+00:00,59338.30000305176
2024-08-05 00:00:00+00:00,56865.66489481926
2024-08-06 00:00:00+00:00,52832.84489786625
2024-08-07 00:00:00+00:00,54826.966247320175
2024-08-08 00:00:00+00:00,53929.757371902466
2024-08-09 00:00:00+00:00,60344.92720270157
2024-08-10 00:00:00+00:00,59524.85536813736
2024-08-11 00:00:00+00:00,59615.57821178436
2024-08-12 00:00:00+00:00,57438.922606408596
2024-08-13 00:00:00+00:00,58062.07845509052
2024-08-14 00:00:00+00:00,59292.19808936119
2024-08-15 00:00:00+00:00,57413.33409386873
2024-08-16 00:00:00+00:00,56297.318302452564
2024-08-17 00:00:00+00:00,57594.2731474638
2024-08-18 00:00:00+00:00,58184.69929468632
2024-08-19 00:00:00+00:00,57149.331330657005
2024-08-20 00:00:00+00:00,58190.06877863407
2024-08-21 00:00:00+00:00,57716.35206532478
2024-08-22 00:00:00+00:00,59813.74168974161
2024-08-23 00:00:00+00:00,59055.26413601637
2024-08-24 00:00:00+00:00,62672.501055300236
2024-08-25 00:00:00+00:00,62760.273817420006
2024-08-26 00:00:00+00:00,62846.36202669144
2024-08-27 00:00:00+00:00,61468.670652627945
2024-08-28 00:00:00+00:00,58122.46361660957
2024-08-29 00:00:00+00:00,57737.75658196211
2024-08-30 00:00:00+00:00,58062.3058617115
2024-08-31 00:00:00+00:00,57814.39110338688
2024-09-01 00:00:00+00:00,57671.66173195839
2024-09-02 00:00:00+00:00,56051.9119066
2024-09-03 00:00:00+00:00,57834.230181992054
2024-09-04 00:00:00+00:00,56231.30927884579
2024-09-05 00:00:00+00:00,56684.23850440979
2024-09-06 00:00:00+00:00,54924.26375424862
2024-09-07 00:00:00+00:00,52769.66150611639
2024-09-08 00:00:00+00:00,52957.64678120613
2024-09-09 00:00:00+00:00,53661.563403725624
2024-09-10 00:00:00+00:00,55805.95260626078
2024-09-11 00:00:00+00:00,56392.65254956484
2024-09-12 00:00:00+00:00,56082.313955426216
2024-09-13 00:00:00+00:00,56861.19559890032
2024-09-14 00:00:00+00:00,59212.86836326122
2024-09-15 00:00:00+00:00,58692.39327979088
2024-09-16 00:00:00+00:00,57828.46596121788
2024-09-17 00:00:00+00:00,56931.189411878586
2024-09-18 00:00:00+00:00,58988.34246611595
2024-09-19 00:00:00+00:00,60397.627291321754
2024-09-20 00:00:00+00:00,61553.3307659626
2024-09-21 00:00:00+00:00,61819.343562603
2024-09-22 00:00:00+00:00,61968.442579984665
2024-09-23 00:00:00+00:00,62163.521929204464
2024-09-24 00:00:00+00:00,61930.803537368774
2024-09-25 00:00:00+00:00,62844.655047655106
2024-09-26 00:00:00+00:00,61757.80646896362
2024-09-27 00:00:00+00:00,63739.87095952034
2024-09-28 00:00:00+00:00,64331.899730443954
2024-09-29 00:00:00+00:00,64424.14337897301
2024-09-30 00:00:00+00:00,64155.40358483791
2024-10-01 00:00:00+00:00,61909.064536094666
2024-10-02 00:00:00+00:00,59470.7057261467
2024-10-03 00:00:00+00:00,59301.778628230095
2024-10-04 00:00:00+00:00,59409.82565194368
2024-10-05 00:00:00+00:00,60715.70552402735
2024-10-06 00:00:00+00:00,60698.304841041565
2024-10-07 00:00:00+00:00,61432.16969561577
2024-10-08 00:00:00+00:00,60843.713309049606
2024-10-09 00:00:00+00:00,60766.47675383091
2024-10-10 00:00:00+00:00,59250.917536497116
2024-10-11 00:00:00+00:00,58954.13223230839
2024-10-12 00:00:00+00:00,61079.73017001152
2024-10-13 00:00:00+00:00,61805.15486180782
2024-10-14 00:00:00+00:00,61467.047812879086
2024-10-15 00:00:00+00:00,64616.175481677055
2024-10-16 00:00:00+00:00,65585.13338243961
2024-10-17 00:00:00+00:00,66133.6378620863
2024-10-18 00:00:00+00:00,65907.09743499756
2024-10-19 00:00:00+00:00,66912.41405248642
2024-10-20 00:00:00+00:00,66851.76396262646
2024-10-21 00:00:00+00:00,67488.86983942986
2024-10-22 00:00:00+00:00,65855.88596701622
2024-10-23 00:00:00+00:00,65897.024584651
2024-10-24 00:00:00+00:00,65133.58572512865
2024-10-25 00:00:00+00:00,66652.02630758286
2024-10-26 00:00:00+00:00,65110.802792072296
2024-10-27 00:00:00+00:00,65526.35707950592
2024-10-28 00:00:00+00:00,66440.09916293621
2024-10-29 00:00:00+00:00,68375.90641236305
2024-10-30 00:00:00+00:00,71123.29943293333
2024-10-31 00:00:00+00:00,70731.07284736633
2024-11-01 00:00:00+00:00,68679.58758801222
2024-11-02 00:00:00+00:00,67954.69543814659
2024-11-03 00:00:00+00:00,67798.49080145359
2024-11-04 00:00:00+00:00,67218.89623749256
2024-11-05 00:00:00+00:00,66319.83449685574
2024-11-06 00:00:00+00:00,67853.31578969955
2024-11-07 00:00:00+00:00,73965.29820227623
2024-11-08 00:00:00+00:00,74242.41947883368
2024-11-09 00:00:00+00:00,74866.31166040897
2024-11-10 00:00:00+00:00,75019.62306833267
2024-11-11 00:00:00+00:00,78638.96192908287
2024-11-12 00:00:00+00:00,86798.529240489
2024-11-13 00:00:00+00:00,86072.89296710491
2024-11-14 00:00:00+00:00,88507.18322122097
2024-11-15 00:00:00+00:00,85393.39636552334
2024-11-16 00:00:00+00:00,89045.9455049038
2024-11-17 00:00:00+00:00,88594.13256549835
2024-11-18 00:00:00+00:00,87864.30325323343
2024-11-19 00:00:00+00:00,88501.31289386749
2024-11-20 00:00:00+00:00,90370.95979070663
2024-11-21 00:00:00+00:00,92277.76862114668
2024-11-22 00:00:00+00:00,96264.02166956663
2024-11-23 00:00:00+00:00,96812.46337360144
2024-11-24 00:00:00+00:00,95602.63030081987
2024-11-25 00:00:00+00:00,95830.72583144903
2024-11-26 00:00:00+00:00,90974.10469949245
2024-11-27 00:00:00+00:00,89892.63497066498
2024-11-28 00:00:00+00:00,93851.20821988583
2024-11-29 00:00:00+00:00,93539.64756184816
2024-11-30 00:00:00+00:00,95348.60640621185
2024-12-01 00:00:00+00:00,94302.1090630889
2024-12-02 00:00:00+00:00,95134.01143473387
2024-12-03 00:00:00+00:00,93734.61661416292
2024-12-04 00:00:00+00:00,93800.20040237904
2024-12-05 00:00:00+00:00,96581.75948023796
2024-12-06 00:00:00+00:00,94904.44148671627
2024-12-07 00:00:00+00:00,97679.84875535965
2024-12-08 00:00:00+00:00,97710.35102581978
2024-12-09 00:00:00+00:00,98949.4304804802
2024-12-10 00:00:00+00:00,95299.18046760559
2024-12-11 00:00:00+00:00,94494.05103206635
2024-12-12 00:00:00+00:00,98935.40437358618
2024-12-13 00:00:00+00:00,97829.58812141418
2024-12-14 00:00:00+00:00,99164.55273896456
2024-12-15 00:00:00+00:00,99113.04723715782
2024-12-16 00:00:00+00:00,102088.14416599274
2024-12-17 00:00:00+00:00,103696.91193425655
2024-12-18 00:00:00+00:00,103804.80757468939
2024-12-19 00:00:00+00:00,97913.0747871995
2024-12-20 00:00:00+00:00,95199.94433969259
2024-12-21 00:00:00+00:00,95573.63510131836
2024-12-22 00:00:00+00:00,95035.88769751787
2024-12-23 00:00:00+00:00,92972.30336666107
2024-12-24 00:00:00+00:00,92632.44354724884
2024-12-25 00:00:00+00:00,96390.07439541817
2024-12-26 00:00:00+00:00,97151.0410656929
2024-12-27 00:00:00+00:00,93549.26119679213
2024-12-28 00:00:00+00:00,92066.1616024971
2024-12-29 00:00:00+00:00,93014.59281867743
2024-12-30 00:00:00+00:00,91470.47210806608
2024-12-31 00:00:00+00:00,90562.77057266235
2025-01-01 00:00:00+00:00,91298.89266586304
2025-01-02 00:00:00+00:00,92281.7406411171
2025-01-03 00:00:00+00:00,94737.8753169775
2025-01-04 00:00:00+00:00,95935.79549843073
2025-01-05 00:00:00+00:00,96010.18751269579
2025-01-06 00:00:00+00:00,96125.2584207058
2025-01-07 00:00:00+00:00,99988.34664106369
2025-01-08 00:00:00+00:00,94777.0887029171
2025-01-09 00:00:00+00:00,92940.3243213892
2025-01-10 00:00:00+00:00,90473.59130239487
2025-01-11 00:00:00+00:00,92584.82199800014
2025-01-12 00:00:00+00:00,92451.42213630676
2025-01-13 00:00:00+00:00,92378.62048494816
2025-01-14 00:00:00+00:00,92386.53690546751
2025-01-15 00:00:00+00:00,94359.02442985773
2025-01-16 00:00:00+00:00,98258.5280456543
2025-01-17 00:00:00+00:00,97734.07406061888
2025-01-18 00:00:00+00:00,101783.59193205833
2025-01-19 00:00:00+00:00,102093.71188473701
2025-01-20 00:00:00+00:00,98970.31483125687
2025-01-21 00:00:00+00:00,99853.3742428422
2025-01-22 00:00:00+00:00,103769.36834710836
2025-01-23 00:00:00+00:00,101309.61559295654
2025-01-24 00:00:00+00:00,101604.8799752593
2025-01-25 00:00:00+00:00,102506.77072703838
2025-01-26 00:00:00+00:00,102393.0089880228
2025-01-27 00:00:00+00:00,100278.14438062906
2025-01-28 00:00:00+00:00,99806.27908408642
2025-01-29 00:00:00+00:00,99026.65535116196
2025-01-30 00:00:00+00:00,101425.85385912657
2025-01-31 00:00:00+00:00,102394.900578022
2025-02-01 00:00:00+00:00,100121.41788315773
2025-02-02 00:00:00+00:00,98389.15926039219
2025-02-03 00:00:00+00:00,95494.85010951757
2025-02-04 00:00:00+00:00,99191.31541800499
2025-02-05 00:00:00+00:00,95605.21434557438
2025-02-06 00:00:00+00:00,94457.0829321146
2025-02-07 00:00:00+00:00,94413.52151674032
2025-02-08 00:00:00+00:00,94376.25040590763
2025-02-09 00:00:00+00:00,94314.73398637772
2025-02-10 00:00:00+00:00,94320.20297670364
2025-02-11 00:00:00+00:00,95289.84616690874
2025-02-12 00:00:00+00:00,93614.56459450722
2025-02-13 00:00:00+00:00,95693.86343050003
2025-02-14 00:00:00+00:00,94467.61564582586
2025-02-15 00:00:00+00:00,95338.6422252655
2025-02-16 00:00:00+00:00,95407.76323127747
2025-02-17 00:00:00+00:00,93983.32246756554
2025-02-18 00:00:00+00:00,93631.81420397758
2025-02-19 00:00:00+00:00,93475.17881202698
2025-02-20 00:00:00+00:00,94483.43249380589
2025-02-21 00:00:00+00:00,96140.47968703508
2025-02-22 00:00:00+00:00,93985.47331923246
2025-02-23 00:00:00+00:00,94416.3832230568
2025-02-24 00:00:00+00:00,94113.85365509987
2025-02-25 00:00:00+00:00,89515.42857563496
2025-02-26 00:00:00+00:00,86606.2982788086
2025-02-27 00:00:00+00:00,82204.37923806906
2025-02-28 00:00:00+00:00,82759.67717796564
2025-03-01 00:00:00+00:00,82448.33597034216
2025-03-02 00:00:00+00:00,84122.38638144732
2025-03-03 00:00:00+00:00,92176.57236284018
2025-03-04 00:00:00+00:00,84252.23560810089
2025-03-05 00:00:00+00:00,85308.3793258667
2025-03-06 00:00:00+00:00,88604.3894212842
2025-03-07 00:00:00+00:00,87928.23144459724
2025-03-08 00:00:00+00:00,84841.5561517477
2025-03-09 00:00:00+00:00,84285.37654018402
2025-03-10 00:00:00+00:00,78928.7860147953
2025-03-11 00:00:00+00:00,76830.64800310135
2025-03-12 00:00:00+00:00,81042.05769699812
2025-03-13 00:00:00+00:00,81775.72351336479
2025-03-14 00:00:00+00:00,79293.28423333168
2025-03-15 00:00:00+00:00,82125.73183476925
2025-03-16 00:00:00+00:00,82489.52469807863
2025-03-17 00:00:00+00:00,80738.26718956232
2025-03-18 00:00:00+00:00,82207.77582073212
2025-03-19 00:00:00+00:00,80896.32383972406
2025-03-20 00:00:00+00:00,84957.28069067001
2025-03-21 00:00:00+00:00,82308.63959562778
2025-03-22 00:00:00+00:00,82214.48263770342
2025-03-23 00:00:00+00:00,81979.3224375844
2025-03-24 00:00:00+00:00,84191.11022567749
2025-03-25 00:00:00+00:00,85587.15199613571
2025-03-26 00:00:00+00:00,85512.50051617622
2025-03-27 00:00:00+00:00,85001.30642706156
2025-03-28 00:00:00+00:00,85301.08527714014
2025-03-29 00:00:00+00:00,82526.25173026323
2025-03-30 00:00:00+00:00,80796.39842033386
2025-03-31 00:00:00+00:00,80552.97683036327
2025-04-01 00:00:00+00:00,80727.53011608124
2025-04-02 00:00:00+00:00,83300.92914640903
2025-04-03 00:00:00+00:00,80689.32009911537
2025-04-04 00:00:00+00:00,81304.86868023872
2025-04-05 00:00:00+00:00,82009.12556868792
2025-04-06 00:00:00+00:00,81672.70179611444
2025-04-07 00:00:00+00:00,76627.4730591774
2025-04-08 00:00:00+00:00,77394.7036691308
2025-04-09 00:00:00+00:00,74577.2649948597
2025-04-10 00:00:00+00:00,80787.54810243845
2025-04-11 00:00:00+00:00,77804.7918676734
2025-04-12 00:00:00+00:00,81561.3596625328
2025-04-13 00:00:00+00:00,83408.66479599476
2025-04-14 00:00:00+00:00,81882.4395904541
2025-04-15 00:00:00+00:00,82734.19178026915
2025-04-16 00:00:00+00:00,81857.50165057182
2025-04-17 00:00:00+00:00,82207.00582158566
2025-04-18 00:00:00+00:00,83094.59117567539
2025-04-19 00:00:00+00:00,82620.66326093674
2025-04-20 00:00:00+00:00,83207.97162258625
2025-04-21 00:00:00+00:00,83334.47453379631
2025-04-22 00:00:00+00:00,85590.29403686523
2025-04-23 00:00:00+00:00,91434.79707121849
2025-04-24 00:00:00+00:00,91678.74337613583
2025-04-25 00:00:00+00:00,91952.5932353735
2025-04-26 00:00:00+00:00,92646.74110126495
2025-04-27 00:00:00+00:00,92582.20496749878
2025-04-28 00:00:00+00:00,91709.31668424606
2025-04-29 00:00:00+00:00,92952.7930803895
2025-04-30 00:00:00+00:00,92212.3864543438
2025-05-01 00:00:00+00:00,92110.58280920982
2025-05-02 00:00:00+00:00,94413.42082202435
2025-05-03 00:00:00+00:00,94794.93055343628
2025-05-04 00:00:00+00:00,93805.53214502335
2025-05-05 00:00:00+00:00,92240.78238725662
2025-05-06 00:00:00+00:00,92640.97520112991
2025-05-07 00:00:00+00:00,94682.37094080448
2025-05-08 00:00:00+00:00,94916.55446636677
2025-05-09 00:00:00+00:00,100985.10195982456
2025-05-10 00:00:00+00:00,100721.38431882858
2025-05-11 00:00:00+00:00,102499.62710767984
2025-05-12 00:00:00+00:00,101835.28681790829
2025-05-13 00:00:00+00:00,100532.39713287354
2025-05-14 00:00:00+00:00,101841.54568880796
2025-05-15 00:00:00+00:00,101252.50190705061
2025-05-16 00:00:00+00:00,101503.03184741735
2025-05-17 00:00:00+00:00,101221.12382483482
2025-05-18 00:00:00+00:00,100873.94260007143
2025-05-19 00:00:00+00:00,104166.20941400528
2025-05-20 00:00:00+00:00,103288.4555889368
2025-05-21 00:00:00+00:00,104493.88329058886
2025-05-22 00:00:00+00:00,107257.5667296648
2025-05-23 00:00:00+00:00,109273.1032114625
2025-05-24 00:00:00+00:00,104961.99004262686
2025-05-25 00:00:00+00:00,105421.29707551003
2025-05-26 00:00:00+00:00,106663.49014806747
2025-05-27 00:00:00+00:00,107054.65871047974
2025-05-28 00:00:00+00:00,106574.89686489105
2025-05-29 00:00:00+00:00,105432.53116285801
2025-05-30 00:00:00+00:00,103251.66399931908
2025-05-31 00:00:00+00:00,101740.80440998077
2025-06-01 00:00:00+00:00,102339.27682185173
2025-06-02 00:00:00+00:00,103374.8638638854
2025-06-03 00:00:00+00:00,103570.39198666811
2025-06-04 00:00:00+00:00,103128.0328848362
2025-06-05 00:00:00+00:00,102434.80843663216
2025-06-06 00:00:00+00:00,99321.18953365088
2025-06-07 00:00:00+00:00,102092.60662764311
2025-06-08 00:00:00+00:00,103291.48989206553
2025-06-09 00:00:00+00:00,103459.03173065186
2025-06-10 00:00:00+00:00,107871.66424298286
2025-06-11 00:00:00+00:00,107854.38556551933
2025-06-12 00:00:00+00:00,106278.44112360477
2025-06-13 00:00:00+00:00,103395.35621404648
2025-06-14 00:00:00+00:00,103773.02290010452
2025-06-15 00:00:00+00:00,103133.7577548027
2025-06-16 00:00:00+00:00,103283.3331309557
2025-06-17 00:00:00+00:00,104468.2285682559
2025-06-18 00:00:00+00:00,102274.34848070145
2025-06-19 00:00:00+00:00,102605.07164418697
2025-06-20 00:00:00+00:00,102375.15942192078
2025-06-21 00:00:00+00:00,101034.9670279026
2025-06-22 00:00:00+00:00,99883.86176884174
2025-06-23 00:00:00+00:00,98785.48549771309
2025-06-24 00:00:00+00:00,103134.72582101822
2025-06-25 00:00:00+00:00,103785.91907948256
2025-06-26 00:00:00+00:00,105043.97559571266
2025-06-27 00:00:00+00:00,104639.23375439644
2025-06-28 00:00:00+00:00,104733.38028788567
2025-06-29 00:00:00+00:00,104976.44402742386
2025-06-30 00:00:00+00:00,105987.5796661377
2025-07-01 00:00:00+00:00,104809.9638235569
2025-07-02 00:00:00+00:00,103373.21842962503
2025-07-03 00:00:00+00:00,106472.60233551264
2025-07-04 00:00:00+00:00,107215.54759120941
2025-07-05 00:00:00+00:00,105631.58424729109
2025-07-06 00:00:00+00:00,105834.06681060791
2025-07-07 00:00:00+00:00,106804.61701476574
2025-07-08 00:00:00+00:00,105880.85472434759
2025-07-09 00:00:00+00:00,106527.60511165857
2025-07-10 00:00:00+00:00,108804.27119868994
2025-07-11 00:00:00+00:00,113441.17743712664
2025-07-12 00:00:00+00:00,114955.70520633459
2025-07-13 00:00:00+00:00,114842.80186748505
2025-07-14 00:00:00+00:00,116472.32406973839
2025-07-15 00:00:00+00:00,117199.13827860355
2025-07-16 00:00:00+00:00,115127.87622720003
2025-07-17 00:00:00+00:00,116052.86934614182
2025-07-18 00:00:00+00:00,116599.34150874615
2025-07-19 00:00:00+00:00,115375.38527262211
2025-07-20 00:00:00+00:00,115268.7682235241
2025-07-21 00:00:00+00:00,114706.39351344109
2025-07-22 00:00:00+00:00,114802.27879238129
2025-07-23 00:00:00+00:00,117315.81239676476
2025-07-24 00:00:00+00:00,116146.1049208641
2025-07-25 00:00:00+00:00,115689.5490489006
2025-07-26 00:00:00+00:00,115013.50993102789
2025-07-27 00:00:00+00:00,115312.32930004597
2025-07-28 00:00:00+00:00,116785.02322250605
2025-07-29 00:00:00+00:00,115399.56237661839
2025-07-30 00:00:00+00:00,115278.41720116138
2025-07-31 00:00:00+00:00,115189.12887132168
2025-08-01 00:00:00+00:00,113153.27873826027
2025-08-02 00:00:00+00:00,110703.97167676687
2025-08-03 00:00:00+00:00,109999.60003399849
2025-08-04 00:00:00+00:00,111661.65012395382
2025-08-05 00:00:00+00:00,112466.20206773281
2025-08-06 00:00:00+00:00,111569.16649460793
2025-08-07 00:00:00+00:00,112445.94811797142
2025-08-08 00:00:00+00:00,114875.48892080784
2025-08-09 00:00:00+00:00,114051.67877525091
2025-08-10 00:00:00+00:00,113875.96197992563
2025-08-11 00:00:00+00:00,116626.94984614849
2025-08-12 00:00:00+00:00,116042.48968982697
2025-08-13 00:00:00+00:00,117396.1904874444
2025-08-14 00:00:00+00:00,120574.97632026672
2025-08-15 00:00:00+00:00,115721.69756901264
2025-08-16 00:00:00+00:00,114797.83225679398
2025-08-17 00:00:00+00:00,114807.5259232521
2025-08-18 00:00:00+00:00,114838.76027047634
2025-08-19 00:00:00+00:00,113643.00402224064
2025-08-20 00:00:00+00:00,110325.88630795479
2025-08-21 00:00:00+00:00,111687.39925521612
2025-08-22 00:00:00+00:00,109937.19920873642
2025-08-23 00:00:00+00:00,114255.1234228611
2025-08-24 00:00:00+00:00,112791.17057418823
2025-08-25 00:00:00+00:00,110921.20319545269
2025-08-26 00:00:00+00:00,107657.36467695236
2025-08-27 00:00:00+00:00,109271.71963143349
2025-08-28 00:00:00+00:00,108769.53232973814
2025-08-29 00:00:00+00:00,110049.9296001792
2025-08-30 00:00:00+00:00,105929.5540560484
2025-08-31 00:00:00+00:00,106384.09006530046
2025-09-01 00:00:00+00:00,105839.02241170406
2025-09-02 00:00:00+00:00,106791.91171765327
2025-09-03 00:00:00+00:00,108739.94109487534
2025-09-04 00:00:00+00:00,109249.57412588596
2025-09-05 00:00:00+00:00,108260.38989138603
2025-09-06 00:00:00+00:00,108184.10824888945
2025-09-07 00:00:00+00:00,107749.18675893545
2025-09-08 00:00:00+00:00,108649.4233546257
2025-09-09 00:00:00+00:00,109581.18274390697
2025-09-10 00:00:00+00:00,109025.9823051095
2025-09-11 00:00:00+00:00,111427.08400011063
2025-09-12 00:00:00+00:00,112937.75882828236
2025-09-13 00:00:00+00:00,113499.7871222496
2025-09-14 00:00:00+00:00,113377.86599755287
2025-09-15 00:00:00+00:00,112753.4280219078
2025-09-16 00:00:00+00:00,112798.03021234274
2025-09-17 00:00:00+00:00,114214.7370853424
2025-09-18 00:00:00+00:00,113862.07398802042
2025-09-19 00:00:00+00:00,114495.83346396685
2025-09-20 00:00:00+00:00,113105.27972960472
2025-09-21 00:00:00+00:00,113161.04186725616
2025-09-22 00:00:00+00:00,112704.60512638092
2025-09-23 00:00:00+00:00,110212.49458217621
2025-09-24 00:00:00+00:00,109514.09514993429
2025-09-25 00:00:00+00:00,110797.77872163057
2025-09-26 00:00:00+00:00,106580.71424371004
2025-09-27 00:00:00+00:00,107241.40297698975
2025-09-28 00:00:00+00:00,107225.469799757
2025-09-29 00:00:00+00:00,109688.11218309402
2025-09-30 00:00:00+00:00,111814.6990584135
2025-10-01 00:00:00+00:00,111508.22144418955
2025-10-02 00:00:00+00:00,116006.41790413857
2025-10-03 00:00:00+00:00,117905.98236823082
2025-10-04 00:00:00+00:00,119562.70663809776
2025-10-05 00:00:00+00:00,119690.90413987637
2025-10-06 00:00:00+00:00,120743.35905736685
2025-10-07 00:00:00+00:00,121925.03505134583
2025-10-08 00:00:00+00:00,118669.80886906385
2025-10-09 00:00:00+00:00,120575.43789625168
2025-10-10 00:00:00+00:00,118963.24826806784
2025-10-11 00:00:00+00:00,110469.19761991501
2025-10-12 00:00:00+00:00,108285.81532239914
2025-10-13 00:00:00+00:00,112514.464802742
2025-10-14 00:00:00+00:00,112685.91270238161
2025-10-15 00:00:00+00:00,110549.28980648518
2025-10-16 00:00:00+00:00,108329.30572366714
2025-10-17 00:00:00+00:00,105791.14173471928
2025-10-18 00:00:00+00:00,104099.83939433098
2025-10-19 00:00:00+00:00,104824.9033498764
2025-10-20 00:00:00+00:00,106255.81808924675
2025-10-21 00:00:00+00:00,108108.52894306183
2025-10-22 00:00:00+00:00,105951.35712361336
2025-10-23 00:00:00+00:00,105192.40514606237
2025-10-24 00:00:00+00:00,107649.82079654932
2025-10-25 00:00:00+00:00,108556.9658113718
2025-10-26 00:00:00+00:00,109171.71952486038
2025-10-27 00:00:00+00:00,111988.48950022459
2025-10-28 00:00:00+00:00,111547.99153959751
2025-10-29 00:00:00+00:00,110398.23721647263
2025-10-30 00:00:00+00:00,107579.64617526531
2025-10-31 00:00:00+00:00,105887.46397054195
2025-11-01 00:00:00+00:00,107107.63458359241
2025-11-02 00:00:00+00:00,107589.39620697498
2025-11-03 00:00:00+00:00,108061.55040800571
2025-11-04 00:00:00+00:00,104171.8520565033
2025-11-05 00:00:00+00:00,99208.22459471226
2025-11-06 00:00:00+00:00,101552.44400590658
2025-11-07 00:00:00+00:00,99029.94837832451
2025-11-08 00:00:00+00:00,100977.00848132372
2025-11-09 00:00:00+00:00,100010.60628890991
2025-11-10 00:00:00+00:00,102374.13456857204
2025-11-11 00:00:00+00:00,103612.60741209984
2025-11-12 00:00:00+00:00,100723.85604023933
2025-11-13 00:00:00+00:00,99374.87557828426
2025-11-14 00:00:00+00:00,97404.07679235935
2025-11-15 00:00:00+00:00,92414.20797353983
2025-11-16 00:00:00+00:00,93422.5055475831
2025-11-17 00:00:00+00:00,92101.557012856
2025-11-18 00:00:00+00:00,90064.01215529442
2025-11-19 00:00:00+00:00,90855.31036579609
2025-11-20 00:00:00+00:00,89450.97142469883
2025-11-21 00:00:00+00:00,84617.41180926561
2025-11-22 00:00:00+00:00,83183.76087069511
2025-11-23 00:00:00+00:00,82811.2961332202
2025-11-24 00:00:00+00:00,84887.35690629482
2025-11-25 00:00:00+00:00,86328.34333121777
2025-11-26 00:00:00+00:00,85403.5015411973
2025-11-27 00:00:00+00:00,88478.95467334986
2025-11-28 00:00:00+00:00,89308.6361527443
2025-11-29 00:00:00+00:00,88905.45091748238
2025-11-30 00:00:00+00:00,88826.16377067566
2025-12-01 00:00:00+00:00,88386.07415091991
2025-12-02 00:00:00+00:00,84389.08382022381
2025-12-03 00:00:00+00:00,89286.41930818558
2025-12-04 00:00:00+00:00,91409.32454681396
2025-12-05 00:00:00+00:00,90071.19895380735
2025-12-06 00:00:00+00:00,87378.93432354927
2025-12-07 00:00:00+00:00,87281.26495677233
2025-12-08 00:00:00+00:00,88410.24207830429
2025-12-09 00:00:00+00:00,88648.63676780462
2025-12-10 00:00:00+00:00,90649.27194356918
2025-12-11 00:00:00+00:00,90005.16680335999
2025-12-12 00:00:00+00:00,90488.90236461163
2025-12-13 00:00:00+00:00,88284.32116955519
2025-12-14 00:00:00+00:00,88274.18245124817
2025-12-15 00:00:00+00:00,86221.57402539253
2025-12-16 00:00:00+00:00,84509.14747953415
2025-12-17 00:00:00+00:00,85908.81911605597
2025-12-18 00:00:00+00:00,84317.45165407658
2025-12-19 00:00:00+00:00,83579.62404608727
2025-12-20 00:00:00+00:00,86156.50963157415
2025-12-21 00:00:00+00:00,86377.36978816986
2025-12-22 00:00:00+00:00,86682.18171286583
2025-12-23 00:00:00+00:00,86587.35156422853
2025-12-24 00:00:00+00:00,85496.45157963037
2025-12-25 00:00:00+00:00,85674.03876125813
2025-12-26 00:00:00+00:00,85248.83700037003
2025-12-27 00:00:00+00:00,85370.41874694824
2025-12-28 00:00:00+00:00,85872.26964712143
2025-12-29 00:00:00+00:00,85932.13974952698
2025-12-30 00:00:00+00:00,85197.44765001535
2025-12-31 00:00:00+00:00,86439.20191705227
2026-01-01 00:00:00+00:00,85563.38911867142
2026-01-02 00:00:00+00:00,86768.20315647125
2026-01-03 00:00:00+00:00,87964.64774894714
2026-01-04 00:00:00+00:00,88588.75729620457
2026-01-05 00:00:00+00:00,89476.44168150425
2026-01-06 00:00:00+00:00,91798.17043232918
2026-01-07 00:00:00+00:00,91637.71099948883
2026-01-08 00:00:00+00:00,89254.59080725908
2026-01-09 00:00:00+00:00,89018.5338100195
2026-01-10 00:00:00+00:00,88509.27839040756
2026-01-11 00:00:00+00:00,88383.78998363018
2026-01-12 00:00:00+00:00,88862.86474227905
2026-01-13 00:00:00+00:00,89178.57117295265
2026-01-14 00:00:00+00:00,93256.04375708103
2026-01-15 00:00:00+00:00,94796.85145103931
2026-01-16 00:00:00+00:00,93462.64886659384
2026-01-17 00:00:00+00:00,93408.57091611624
2026-01-18 00:00:00+00:00,93010.0869783163
2026-01-19 00:00:00+00:00,91566.61355638504
2026-01-20 00:00:00+00:00,90514.87900733948
2026-01-21 00:00:00+00:00,86368.33537530899
2026-01-22 00:00:00+00:00,87402.6673117876
2026-01-23 00:00:00+00:00,87491.02344942093
2026-01-24 00:00:00+00:00,87519.31455910206
2026-01-25 00:00:00+00:00,87124.3783993125
2026-01-26 00:00:00+00:00,84659.28436893225
2026-01-27 00:00:00+00:00,86301.71968591213
2026-01-28 00:00:00+00:00,87169.80495870113
2026-01-29 00:00:00+00:00,87200.83372497559
2026-01-30 00:00:00+00:00,82669.43184196949
2026-01-31 00:00:00+00:00,82278.64733159542
2026-02-01 00:00:00+00:00,76908.57690513134
2026-02-02 00:00:00+00:00,75201.06407690048
2026-02-03 00:00:00+00:00,76939.48241078854
2026-02-04 00:00:00+00:00,74004.36645436287
2026-02-05 00:00:00+00:00,71403.16677093506
2026-02-06 00:00:00+00:00,61375.601247251034
2026-02-07 00:00:00+00:00,68938.10118454695
2026-02-08 00:00:00+00:00,67683.18284869194
2026-02-09 00:00:00+00:00,68696.74940878153
2026-02-10 00:00:00+00:00,68512.06935310364
2026-02-11 00:00:00+00:00,67250.07290625572
2026-02-12 00:00:00+00:00,65541.8230099082
2026-02-13 00:00:00+00:00,64714.06064504385
2026-02-14 00:00:00+00:00,67259.71199202538
2026-02-15 00:00:00+00:00,68215.9035101533
2026-02-16 00:00:00+00:00,67233.81586027145
2026-02-17 00:00:00+00:00,67306.34535974264
2026-02-18 00:00:00+00:00,65940.79057741165
2026-02-19 00:00:00+00:00,64921.88301086426
2026-02-20 00:00:00+00:00,65456.65611344576
2026-02-21 00:00:00+00:00,66451.47033405304
2026-02-22 00:00:00+00:00,66425.07501471043
2026-02-23 00:00:00+00:00,66078.64954304695
2026-02-24 00:00:00+00:00,63166.98932945728
2026-02-25 00:00:00+00:00,62609.39216852188
2026-02-26 00:00:00+00:00,66454.49494719505
2026-02-27 00:00:00+00:00,65959.3523197174
2026-02-28 00:00:00+00:00,64376.90618991852
2026-03-01 00:00:00+00:00,65468.73976290226
2026-03-02 00:00:00+00:00,64283.01545757055
2026-03-03 00:00:00+00:00,67262.9917075634
2026-03-04 00:00:00+00:00,66789.70457458496
2026-03-05 00:00:00+00:00,71044.73490744829
2026-03-06 00:00:00+00:00,69291.24066066742
2026-03-07 00:00:00+00:00,66573.33693957329
2026-03-08 00:00:00+00:00,65747.28951966763
2026-03-09 00:00:00+00:00,64483.51702541113
2026-03-10 00:00:00+00:00,66904.59569382668
2026-03-11 00:00:00+00:00,68379.9808369875
2026-03-12 00:00:00+00:00,68605.62522220612
2026-03-13 00:00:00+00:00,68927.79749530554
2026-03-14 00:00:00+00:00,69338.74020338058
2026-03-15 00:00:00+00:00,69600.41668140888
2026-03-16 00:00:00+00:00,71176.70227199793
2026-03-17 00:00:00+00:00,73174.25649833679
2026-03-18 00:00:00+00:00,72248.82886171341
2026-03-19 00:00:00+00:00,69642.84697955847
2026-03-20 00:00:00+00:00,68334.54265075922
2026-03-21 00:00:00+00:00,68901.75085163116
2026-03-22 00:00:00+00:00,67346.06667280197
2026-03-23 00:00:00+00:00,66316.93596839905
2026-03-24 00:00:00+00:00,69270.32160633802
2026-03-25 00:00:00+00:00,68914.1995562911
2026-03-26 00:00:00+00:00,69677.14987528324
2026-03-27 00:00:00+00:00,67214.76421874762
2026-03-28 00:00:00+00:00,64851.1745929718
2026-03-29 00:00:00+00:00,64810.270791471004
2026-03-30 00:00:00+00:00,64451.103925824165
2026-03-31 00:00:00+00:00,65210.07622432709
2026-04-01 00:00:00+00:00,66660.29782563448
2026-04-02 00:00:00+00:00,66550.29944753647
2026-04-03 00:00:00+00:00,65366.25768303871
2026-04-04 00:00:00+00:00,65419.92935180664
2026-04-05 00:00:00+00:00,65758.17652881145
2026-04-06 00:00:00+00:00,67427.58928984404
2026-04-07 00:00:00+00:00,67288.8478795886
2026-04-08 00:00:00+00:00,70300.36198854446
2026-04-09 00:00:00+00:00,69486.60465061665
2026-04-10 00:00:00+00:00,70173.72557234764
2026-04-11 00:00:00+00:00,71315.25789260864
2026-04-12 00:00:00+00:00,71403.58541160822
2026-04-13 00:00:00+00:00,69131.8042781353
2026-04-14 00:00:00+00:00,72747.0059825778
2026-04-15 00:00:00+00:00,72490.40068674088
2026-04-16 00:00:00+00:00,73109.7973241806
2026-04-17 00:00:00+00:00,73462.07987308502
2026-04-18 00:00:00+00:00,75347.1686270237
2026-04-19 00:00:00+00:00,74008.35242980719
2026-04-20 00:00:00+00:00,72140.0497853756
2026-04-21 00:00:00+00:00,74137.67463862896
2026-04-22 00:00:00+00:00,74600.53215622902
2026-04-23 00:00:00+00:00,76419.37339019775
2026-04-24 00:00:00+00:00,76479.38884991407
2026-04-25 00:00:00+00:00,75694.25990974903
2026-04-26 00:00:00+00:00,75862.96074706316
2026-04-27 00:00:00+00:00,76861.1157989502
2026-04-28 00:00:00+00:00,75604.32312440872
2026-04-29 00:00:00+00:00,74578.93931847811
2026-04-30 00:00:00+00:00,74014.36844825745
2026-05-01 00:00:00+00:00,74565.82702338696
2026-05-02 00:00:00+00:00,76443.29546928406
2026-05-03 00:00:00+00:00,76890.63140809536
2026-05-04 00:00:00+00:00,76768.54592055082
2026-05-05 00:00:00+00:00,78017.94359111786
2026-05-06 00:00:00+00:00,79062.17693388462
2026-05-07 00:00:00+00:00,79583.57857686281
2026-05-08 00:00:00+00:00,78187.48781424761
2026-05-09 00:00:00+00:00,78364.90589779615
2026-05-10 00:00:00+00:00,78820.52286565304
2026-05-11 00:00:00+00:00,80313.4221137166
2026-05-12 00:00:00+00:00,79867.14067649841
2026-05-13 00:00:00+00:00,78651.53302282095
2026-05-14 00:00:00+00:00,77473.44460630417
2026-05-15 00:00:00+00:00,79222.90202826262
2026-05-16 00:00:00+00:00,77255.78383934498
2026-05-17 00:00:00+00:00,76333.75979912281
2026-05-18 00:00:00+00:00,75644.0511739254
2026-05-19 00:00:00+00:00,75191.75825810432
2026-05-20 00:00:00+00:00,75004.25723272562
2026-05-21 00:00:00+00:00,75701.335198313
2026-05-22 00:00:00+00:00,75784.13483309746
2026-05-23 00:00:00+00:00,73731.03064660012
2026-05-24 00:00:00+00:00,74907.56874409318
2026-05-25 00:00:00+00:00,75219.12564221382
2026-05-26 00:00:00+00:00,75492.64454718589
2026-05-27 00:00:00+00:00,74091.56964408993
2026-05-28 00:00:00+00:00,72635.56573297977
2026-05-29 00:00:00+00:00,71839.89743207693
2026-05-30 00:00:00+00:00,71697.665408656
2026-05-31 00:00:00+00:00,72077.6054502666
2026-06-01 00:00:00+00:00,71887.92343302011
2026-06-02 00:00:00+00:00,69686.87331787229
2026-06-03 00:00:00+00:00,65151.780723345284
2026-06-04 00:00:00+00:00,62591.1122681427
2026-06-05 00:00:00+00:00,62365.75826339722
2026-06-06 00:00:00+00:00,59658.45835448742
2026-06-07 00:00:00+00:00,59475.980116763116
2026-06-08 00:00:00+00:00,61876.244675359725
2026-06-09 00:00:00+00:00,61622.83823855638
2026-06-10 00:00:00+00:00,60277.87778528214
2026-06-11 00:00:00+00:00,60054.675877076384
2026-06-12 00:00:00+00:00,62105.595716401935
2026-06-13 00:00:00+00:00,62077.1722442627
2026-06-14 00:00:00+00:00,63012.23662376404
2026-06-15 00:00:00+00:00,64256.03332668543
2026-06-16 00:00:00+00:00,64812.11028762758
2026-06-17 00:00:00+00:00,64158.37885274291
2026-06-18 00:00:00+00:00,63015.322779656046
2026-06-19 00:00:00+00:00,61496.75958425522
2026-06-20 00:00:00+00:00,62079.67006350517
2026-06-21 00:00:00+00:00,62820.595419766905
2026-06-22 00:00:00+00:00,61835.81810824156
2026-06-23 00:00:00+00:00,62531.90100408554
2026-06-24 00:00:00+00:00,61263.44067211926
2026-06-25 00:00:00+00:00,59637.04430758953
2026-06-26 00:00:00+00:00,58374.914156190156
2026-06-27 00:00:00+00:00,58690.34186958074
2026-06-28 00:00:00+00:00,58612.895250427726
2026-06-29 00:00:00+00:00,58156.929110214114
2026-06-30 00:00:00+00:00,58832.0062860024
2026-07-01 00:00:00+00:00,57231.63048544943
2026-07-02 00:00:00+00:00,58634.255511571166
2026-07-03 00:00:00+00:00,60115.58389366865
2026-07-04 00:00:00+00:00,61136.58256734967
2026-07-05 00:00:00+00:00,61687.47244808436
2026-07-06 00:00:00+00:00,62176.11401305079
2026-07-07 00:00:00+00:00,62580.256015139814
