Timestamp,Prophet_Periodic_Refit
2023-08-12 00:00:00+00:00,29074.863701632465
2023-08-13 00:00:00+00:00,29035.169392881788
2023-08-14 00:00:00+00:00,28995.475084131103
2023-08-15 00:00:00+00:00,28955.780775380426
2023-08-16 00:00:00+00:00,28916.08646662975
2023-08-17 00:00:00+00:00,28876.39215787907
2023-08-18 00:00:00+00:00,28836.69784912839
2023-08-19 00:00:00+00:00,28797.00354037771
2023-08-20 00:00:00+00:00,28757.30923162703
2023-08-21 00:00:00+00:00,28717.614922876353
2023-08-22 00:00:00+00:00,28677.920614125673
2023-08-23 00:00:00+00:00,28638.226305374992
2023-08-24 00:00:00+00:00,28598.531996624315
2023-08-25 00:00:00+00:00,28558.83768787363
2023-08-26 00:00:00+00:00,28519.143379122954
2023-08-27 00:00:00+00:00,28479.449070372277
2023-08-28 00:00:00+00:00,28439.754761621596
2023-08-29 00:00:00+00:00,28400.06045287092
2023-08-30 00:00:00+00:00,28360.36614412024
2023-08-31 00:00:00+00:00,28320.671835369558
2023-09-01 00:00:00+00:00,28280.97752661888
2023-09-02 00:00:00+00:00,28241.283217868204
2023-09-03 00:00:00+00:00,28201.588909117523
2023-09-04 00:00:00+00:00,28161.894600366842
2023-09-05 00:00:00+00:00,28122.200291616165
2023-09-06 00:00:00+00:00,28082.505982865485
2023-09-07 00:00:00+00:00,28042.811674114804
2023-09-08 00:00:00+00:00,28003.117365364127
2023-09-09 00:00:00+00:00,27963.423056613447
2023-09-10 00:00:00+00:00,27923.72874786277
2023-09-11 00:00:00+00:00,25211.341682853803
2023-09-12 00:00:00+00:00,25108.39408508447
2023-09-13 00:00:00+00:00,25005.44648731513
2023-09-14 00:00:00+00:00,24902.498889545797
2023-09-15 00:00:00+00:00,24799.55129177646
2023-09-16 00:00:00+00:00,24696.603694007128
2023-09-17 00:00:00+00:00,24593.656096237788
2023-09-18 00:00:00+00:00,24490.70849846845
2023-09-19 00:00:00+00:00,24387.760900699115
2023-09-20 00:00:00+00:00,24284.813302929782
2023-09-21 00:00:00+00:00,24181.865705160446
2023-09-22 00:00:00+00:00,24078.918107391106
2023-09-23 00:00:00+00:00,23975.970509621773
2023-09-24 00:00:00+00:00,23873.022911852437
2023-09-25 00:00:00+00:00,23770.075314083104
2023-09-26 00:00:00+00:00,23667.127716313767
2023-09-27 00:00:00+00:00,23564.18011854443
2023-09-28 00:00:00+00:00,23461.23252077509
2023-09-29 00:00:00+00:00,23358.284923005758
2023-09-30 00:00:00+00:00,23255.337325236425
2023-10-01 00:00:00+00:00,23152.38972746709
2023-10-02 00:00:00+00:00,23049.442129697756
2023-10-03 00:00:00+00:00,22946.494531928416
2023-10-04 00:00:00+00:00,22843.54693415908
2023-10-05 00:00:00+00:00,22740.599336389743
2023-10-06 00:00:00+00:00,22637.651738620407
2023-10-07 00:00:00+00:00,22534.70414085107
2023-10-08 00:00:00+00:00,22431.756543081738
2023-10-09 00:00:00+00:00,22328.8089453124
2023-10-10 00:00:00+00:00,22225.861347543065
2023-10-11 00:00:00+00:00,27646.275372647026
2023-10-12 00:00:00+00:00,27695.58644369481
2023-10-13 00:00:00+00:00,27744.8975147426
2023-10-14 00:00:00+00:00,27794.208585790388
2023-10-15 00:00:00+00:00,27843.519656838173
2023-10-16 00:00:00+00:00,27892.83072788596
2023-10-17 00:00:00+00:00,27942.141798933746
2023-10-18 00:00:00+00:00,27991.452869981535
2023-10-19 00:00:00+00:00,28040.76394102932
2023-10-20 00:00:00+00:00,28090.075012077108
2023-10-21 00:00:00+00:00,28139.386083124893
2023-10-22 00:00:00+00:00,28188.697154172678
2023-10-23 00:00:00+00:00,28238.008225220467
2023-10-24 00:00:00+00:00,28287.319296268255
2023-10-25 00:00:00+00:00,28336.63036731604
2023-10-26 00:00:00+00:00,28385.941438363825
2023-10-27 00:00:00+00:00,28435.252509411614
2023-10-28 00:00:00+00:00,28484.5635804594
2023-10-29 00:00:00+00:00,28533.874651507187
2023-10-30 00:00:00+00:00,28583.185722554972
2023-10-31 00:00:00+00:00,28632.496793602757
2023-11-01 00:00:00+00:00,28681.807864650546
2023-11-02 00:00:00+00:00,28731.11893569833
2023-11-03 00:00:00+00:00,28780.43000674612
2023-11-04 00:00:00+00:00,28829.741077793904
2023-11-05 00:00:00+00:00,28879.052148841693
2023-11-06 00:00:00+00:00,28928.36321988948
2023-11-07 00:00:00+00:00,28977.674290937266
2023-11-08 00:00:00+00:00,29026.98536198505
2023-11-09 00:00:00+00:00,29076.29643303284
2023-11-10 00:00:00+00:00,37307.18652917648
2023-11-11 00:00:00+00:00,37638.51636305905
2023-11-12 00:00:00+00:00,37969.84619694162
2023-11-13 00:00:00+00:00,38301.17603082419
2023-11-14 00:00:00+00:00,38632.505864706756
2023-11-15 00:00:00+00:00,38963.835698589326
2023-11-16 00:00:00+00:00,39295.165532471896
2023-11-17 00:00:00+00:00,39626.49536635448
2023-11-18 00:00:00+00:00,39957.82520023703
2023-11-19 00:00:00+00:00,40289.1550341196
2023-11-20 00:00:00+00:00,40620.48486800217
2023-11-21 00:00:00+00:00,40951.81470188474
2023-11-22 00:00:00+00:00,41283.14453576731
2023-11-23 00:00:00+00:00,41614.47436964988
2023-11-24 00:00:00+00:00,41945.80420353245
2023-11-25 00:00:00+00:00,42277.13403741502
2023-11-26 00:00:00+00:00,42608.46387129759
2023-11-27 00:00:00+00:00,42939.79370518016
2023-11-28 00:00:00+00:00,43271.123539062726
2023-11-29 00:00:00+00:00,43602.453372945296
2023-11-30 00:00:00+00:00,43933.783206827866
2023-12-01 00:00:00+00:00,44265.113040710436
2023-12-02 00:00:00+00:00,44596.442874593
2023-12-03 00:00:00+00:00,44927.77270847557
2023-12-04 00:00:00+00:00,45259.10254235814
2023-12-05 00:00:00+00:00,45590.43237624071
2023-12-06 00:00:00+00:00,45921.76221012328
2023-12-07 00:00:00+00:00,46253.09204400585
2023-12-08 00:00:00+00:00,46584.42187788842
2023-12-09 00:00:00+00:00,46915.75171177099
2023-12-10 00:00:00+00:00,42249.413559943074
2023-12-11 00:00:00+00:00,42468.37485524586
2023-12-12 00:00:00+00:00,42687.33615054863
2023-12-13 00:00:00+00:00,42906.297445851415
2023-12-14 00:00:00+00:00,43125.2587411542
2023-12-15 00:00:00+00:00,43344.22003645697
2023-12-16 00:00:00+00:00,43563.18133175976
2023-12-17 00:00:00+00:00,43782.142627062545
2023-12-18 00:00:00+00:00,44001.10392236532
2023-12-19 00:00:00+00:00,44220.06521766811
2023-12-20 00:00:00+00:00,44439.026512970886
2023-12-21 00:00:00+00:00,44657.98780827366
2023-12-22 00:00:00+00:00,44876.949103576444
2023-12-23 00:00:00+00:00,45095.91039887922
2023-12-24 00:00:00+00:00,45314.87169418201
2023-12-25 00:00:00+00:00,45533.832989484785
2023-12-26 00:00:00+00:00,45752.79428478757
2023-12-27 00:00:00+00:00,45971.75558009034
2023-12-28 00:00:00+00:00,46190.71687539312
2023-12-29 00:00:00+00:00,46409.67817069591
2023-12-30 00:00:00+00:00,46628.63946599868
2023-12-31 00:00:00+00:00,46847.600761301466
2024-01-01 00:00:00+00:00,47066.56205660424
2024-01-02 00:00:00+00:00,47285.52335190703
2024-01-03 00:00:00+00:00,47504.484647209814
2024-01-04 00:00:00+00:00,47723.44594251259
2024-01-05 00:00:00+00:00,47942.407237815365
2024-01-06 00:00:00+00:00,48161.368533118155
2024-01-07 00:00:00+00:00,48380.32982842093
2024-01-08 00:00:00+00:00,48599.29112372371
2024-01-09 00:00:00+00:00,44785.93329541413
2024-01-10 00:00:00+00:00,44886.44002068929
2024-01-11 00:00:00+00:00,44986.94674596445
2024-01-12 00:00:00+00:00,45087.45347123961
2024-01-13 00:00:00+00:00,45187.96019651478
2024-01-14 00:00:00+00:00,45288.466921789935
2024-01-15 00:00:00+00:00,45388.973647065104
2024-01-16 00:00:00+00:00,45489.480372340266
2024-01-17 00:00:00+00:00,45589.987097615434
2024-01-18 00:00:00+00:00,45690.493822890596
2024-01-19 00:00:00+00:00,45791.00054816576
2024-01-20 00:00:00+00:00,45891.507273440926
2024-01-21 00:00:00+00:00,45992.01399871608
2024-01-22 00:00:00+00:00,46092.52072399125
2024-01-23 00:00:00+00:00,46193.02744926641
2024-01-24 00:00:00+00:00,46293.53417454157
2024-01-25 00:00:00+00:00,46394.04089981674
2024-01-26 00:00:00+00:00,46494.5476250919
2024-01-27 00:00:00+00:00,46595.05435036706
2024-01-28 00:00:00+00:00,46695.561075642225
2024-01-29 00:00:00+00:00,46796.067800917386
2024-01-30 00:00:00+00:00,46896.57452619255
2024-01-31 00:00:00+00:00,46997.081251467716
2024-02-01 00:00:00+00:00,47097.58797674288
2024-02-02 00:00:00+00:00,47198.09470201805
2024-02-03 00:00:00+00:00,47298.6014272932
2024-02-04 00:00:00+00:00,47399.10815256837
2024-02-05 00:00:00+00:00,47499.61487784353
2024-02-06 00:00:00+00:00,47600.1216031187
2024-02-07 00:00:00+00:00,47700.62832839386
2024-02-08 00:00:00+00:00,42299.39313837096
2024-02-09 00:00:00+00:00,42269.75242180847
2024-02-10 00:00:00+00:00,42240.11170524599
2024-02-11 00:00:00+00:00,42210.470988683504
2024-02-12 00:00:00+00:00,42180.83027212102
2024-02-13 00:00:00+00:00,42151.189555558536
2024-02-14 00:00:00+00:00,42121.54883899605
2024-02-15 00:00:00+00:00,42091.90812243357
2024-02-16 00:00:00+00:00,42062.26740587108
2024-02-17 00:00:00+00:00,42032.6266893086
2024-02-18 00:00:00+00:00,42002.985972746115
2024-02-19 00:00:00+00:00,41973.34525618363
2024-02-20 00:00:00+00:00,41943.70453962115
2024-02-21 00:00:00+00:00,41914.06382305866
2024-02-22 00:00:00+00:00,41884.42310649618
2024-02-23 00:00:00+00:00,41854.782389933695
2024-02-24 00:00:00+00:00,41825.14167337121
2024-02-25 00:00:00+00:00,41795.500956808726
2024-02-26 00:00:00+00:00,41765.86024024624
2024-02-27 00:00:00+00:00,41736.21952368376
2024-02-28 00:00:00+00:00,41706.578807121274
2024-02-29 00:00:00+00:00,41676.93809055879
2024-03-01 00:00:00+00:00,41647.297373996305
2024-03-02 00:00:00+00:00,41617.65665743382
2024-03-03 00:00:00+00:00,41588.01594087134
2024-03-04 00:00:00+00:00,41558.37522430885
2024-03-05 00:00:00+00:00,41528.73450774637
2024-03-06 00:00:00+00:00,41499.093791183885
2024-03-07 00:00:00+00:00,41469.4530746214
2024-03-08 00:00:00+00:00,41439.812358058916
2024-03-09 00:00:00+00:00,66216.07833362994
2024-03-10 00:00:00+00:00,66914.15948630661
2024-03-11 00:00:00+00:00,67612.24063898332
2024-03-12 00:00:00+00:00,68310.32179166
2024-03-13 00:00:00+00:00,69008.4029443367
2024-03-14 00:00:00+00:00,69706.48409701338
2024-03-15 00:00:00+00:00,70404.56524969006
2024-03-16 00:00:00+00:00,71102.64640236676
2024-03-17 00:00:00+00:00,71800.72755504344
2024-03-18 00:00:00+00:00,72498.80870772013
2024-03-19 00:00:00+00:00,73196.88986039684
2024-03-20 00:00:00+00:00,73894.97101307352
2024-03-21 00:00:00+00:00,74593.0521657502
2024-03-22 00:00:00+00:00,75291.13331842692
2024-03-23 00:00:00+00:00,75989.2144711036
2024-03-24 00:00:00+00:00,76687.29562378027
2024-03-25 00:00:00+00:00,77385.37677645695
2024-03-26 00:00:00+00:00,78083.45792913366
2024-03-27 00:00:00+00:00,78781.53908181035
2024-03-28 00:00:00+00:00,79479.62023448703
2024-03-29 00:00:00+00:00,80177.7013871637
2024-03-30 00:00:00+00:00,80875.78253984041
2024-03-31 00:00:00+00:00,81573.86369251709
2024-04-01 00:00:00+00:00,82271.94484519381
2024-04-02 00:00:00+00:00,82970.02599787049
2024-04-03 00:00:00+00:00,83668.10715054716
2024-04-04 00:00:00+00:00,84366.18830322387
2024-04-05 00:00:00+00:00,85064.26945590056
2024-04-06 00:00:00+00:00,85762.35060857724
2024-04-07 00:00:00+00:00,86460.43176125392
2024-04-08 00:00:00+00:00,69829.7845813008
2024-04-09 00:00:00+00:00,69935.20057321136
2024-04-10 00:00:00+00:00,70040.61656512192
2024-04-11 00:00:00+00:00,70146.03255703248
2024-04-12 00:00:00+00:00,70251.44854894304
2024-04-13 00:00:00+00:00,70356.86454085361
2024-04-14 00:00:00+00:00,70462.28053276417
2024-04-15 00:00:00+00:00,70567.69652467474
2024-04-16 00:00:00+00:00,70673.1125165853
2024-04-17 00:00:00+00:00,70778.52850849586
2024-04-18 00:00:00+00:00,70883.94450040643
2024-04-19 00:00:00+00:00,70989.36049231699
2024-04-20 00:00:00+00:00,71094.77648422755
2024-04-21 00:00:00+00:00,71200.19247613812
2024-04-22 00:00:00+00:00,71305.60846804868
2024-04-23 00:00:00+00:00,71411.02445995924
2024-04-24 00:00:00+00:00,71516.4404518698
2024-04-25 00:00:00+00:00,71621.85644378037
2024-04-26 00:00:00+00:00,71727.27243569093
2024-04-27 00:00:00+00:00,71832.6884276015
2024-04-28 00:00:00+00:00,71938.10441951206
2024-04-29 00:00:00+00:00,72043.52041142264
2024-04-30 00:00:00+00:00,72148.9364033332
2024-05-01 00:00:00+00:00,72254.35239524375
2024-05-02 00:00:00+00:00,72359.76838715431
2024-05-03 00:00:00+00:00,72465.18437906487
2024-05-04 00:00:00+00:00,72570.60037097544
2024-05-05 00:00:00+00:00,72676.016362886
2024-05-06 00:00:00+00:00,72781.43235479658
2024-05-07 00:00:00+00:00,72886.84834670713
2024-05-08 00:00:00+00:00,61857.754286383766
2024-05-09 00:00:00+00:00,61680.40217966746
2024-05-10 00:00:00+00:00,61503.05007295114
2024-05-11 00:00:00+00:00,61325.69796623483
2024-05-12 00:00:00+00:00,61148.345859518515
2024-05-13 00:00:00+00:00,60970.993752802206
2024-05-14 00:00:00+00:00,60793.64164608589
2024-05-15 00:00:00+00:00,60616.28953936958
2024-05-16 00:00:00+00:00,60438.93743265326
2024-05-17 00:00:00+00:00,60261.585325936954
2024-05-18 00:00:00+00:00,60084.23321922064
2024-05-19 00:00:00+00:00,59906.88111250433
2024-05-20 00:00:00+00:00,59729.52900578801
2024-05-21 00:00:00+00:00,59552.1768990717
2024-05-22 00:00:00+00:00,59374.824792355386
2024-05-23 00:00:00+00:00,59197.47268563908
2024-05-24 00:00:00+00:00,59020.12057892277
2024-05-25 00:00:00+00:00,58842.76847220646
2024-05-26 00:00:00+00:00,58665.41636549014
2024-05-27 00:00:00+00:00,58488.06425877383
2024-05-28 00:00:00+00:00,58310.71215205753
2024-05-29 00:00:00+00:00,58133.360045341215
2024-05-30 00:00:00+00:00,57956.007938624905
2024-05-31 00:00:00+00:00,57778.65583190858
2024-06-01 00:00:00+00:00,57601.303725192265
2024-06-02 00:00:00+00:00,57423.951618475956
2024-06-03 00:00:00+00:00,57246.599511759654
2024-06-04 00:00:00+00:00,57069.24740504334
2024-06-05 00:00:00+00:00,56891.89529832703
2024-06-06 00:00:00+00:00,56714.54319161071
2024-06-07 00:00:00+00:00,70047.7580282363
2024-06-08 00:00:00+00:00,70255.47611254836
2024-06-09 00:00:00+00:00,70463.19419686041
2024-06-10 00:00:00+00:00,70670.91228117245
2024-06-11 00:00:00+00:00,70878.63036548451
2024-06-12 00:00:00+00:00,71086.34844979655
2024-06-13 00:00:00+00:00,71294.0665341086
2024-06-14 00:00:00+00:00,71501.78461842066
2024-06-15 00:00:00+00:00,71709.50270273272
2024-06-16 00:00:00+00:00,71917.22078704477
2024-06-17 00:00:00+00:00,72124.93887135682
2024-06-18 00:00:00+00:00,72332.65695566886
2024-06-19 00:00:00+00:00,72540.37503998092
2024-06-20 00:00:00+00:00,72748.09312429297
2024-06-21 00:00:00+00:00,72955.81120860502
2024-06-22 00:00:00+00:00,73163.52929291708
2024-06-23 00:00:00+00:00,73371.24737722911
2024-06-24 00:00:00+00:00,73578.96546154117
2024-06-25 00:00:00+00:00,73786.68354585323
2024-06-26 00:00:00+00:00,73994.40163016527
2024-06-27 00:00:00+00:00,74202.11971447732
2024-06-28 00:00:00+00:00,74409.83779878938
2024-06-29 00:00:00+00:00,74617.55588310144
2024-06-30 00:00:00+00:00,74825.2739674135
2024-07-01 00:00:00+00:00,75032.99205172552
2024-07-02 00:00:00+00:00,75240.71013603758
2024-07-03 00:00:00+00:00,75448.42822034964
2024-07-04 00:00:00+00:00,75656.14630466168
2024-07-05 00:00:00+00:00,75863.86438897374
2024-07-06 00:00:00+00:00,76071.58247328579
2024-07-07 00:00:00+00:00,58807.171610093996
2024-07-08 00:00:00+00:00,58471.30830927518
2024-07-09 00:00:00+00:00,58135.44500845634
2024-07-10 00:00:00+00:00,57799.58170763751
2024-07-11 00:00:00+00:00,57463.718406818676
2024-07-12 00:00:00+00:00,57127.85510599986
2024-07-13 00:00:00+00:00,56791.991805181024
2024-07-14 00:00:00+00:00,56456.12850436218
2024-07-15 00:00:00+00:00,56120.26520354335
2024-07-16 00:00:00+00:00,55784.40190272453
2024-07-17 00:00:00+00:00,55448.5386019057
2024-07-18 00:00:00+00:00,55112.67530108686
2024-07-19 00:00:00+00:00,54776.81200026804
2024-07-20 00:00:00+00:00,54440.94869944921
2024-07-21 00:00:00+00:00,54105.08539863038
2024-07-22 00:00:00+00:00,53769.22209781155
2024-07-23 00:00:00+00:00,53433.358796992725
2024-07-24 00:00:00+00:00,53097.49549617389
2024-07-25 00:00:00+00:00,52761.63219535506
2024-07-26 00:00:00+00:00,52425.76889453623
2024-07-27 00:00:00+00:00,52089.905593717405
2024-07-28 00:00:00+00:00,51754.04229289857
2024-07-29 00:00:00+00:00,51418.178992079746
2024-07-30 00:00:00+00:00,51082.315691260905
2024-07-31 00:00:00+00:00,50746.45239044208
2024-08-01 00:00:00+00:00,50410.589089623245
2024-08-02 00:00:00+00:00,50074.72578880442
2024-08-03 00:00:00+00:00,49738.862487985585
2024-08-04 00:00:00+00:00,49402.99918716676
2024-08-05 00:00:00+00:00,49067.13588634793
2024-08-06 00:00:00+00:00,62381.19730045547
2024-08-07 00:00:00+00:00,62348.267734946545
2024-08-08 00:00:00+00:00,62315.33816943762
2024-08-09 00:00:00+00:00,62282.4086039287
2024-08-10 00:00:00+00:00,62249.47903841978
2024-08-11 00:00:00+00:00,62216.54947291086
2024-08-12 00:00:00+00:00,62183.61990740194
2024-08-13 00:00:00+00:00,62150.690341893016
2024-08-14 00:00:00+00:00,62117.76077638409
2024-08-15 00:00:00+00:00,62084.83121087517
2024-08-16 00:00:00+00:00,62051.90164536625
2024-08-17 00:00:00+00:00,62018.97207985733
2024-08-18 00:00:00+00:00,61986.04251434841
2024-08-19 00:00:00+00:00,61953.11294883948
2024-08-20 00:00:00+00:00,61920.18338333056
2024-08-21 00:00:00+00:00,61887.253817821635
2024-08-22 00:00:00+00:00,61854.32425231271
2024-08-23 00:00:00+00:00,61821.39468680379
2024-08-24 00:00:00+00:00,61788.465121294874
2024-08-25 00:00:00+00:00,61755.53555578595
2024-08-26 00:00:00+00:00,61722.60599027703
2024-08-27 00:00:00+00:00,61689.676424768106
2024-08-28 00:00:00+00:00,61656.74685925918
2024-08-29 00:00:00+00:00,61623.81729375027
2024-08-30 00:00:00+00:00,61590.887728241345
2024-08-31 00:00:00+00:00,61557.95816273242
2024-09-01 00:00:00+00:00,61525.0285972235
2024-09-02 00:00:00+00:00,61492.09903171458
2024-09-03 00:00:00+00:00,61459.169466205654
2024-09-04 00:00:00+00:00,61426.23990069674
2024-09-05 00:00:00+00:00,59373.98484077836
2024-09-06 00:00:00+00:00,59317.0235702992
2024-09-07 00:00:00+00:00,59260.062299820056
2024-09-08 00:00:00+00:00,59203.101029340905
2024-09-09 00:00:00+00:00,59146.139758861755
2024-09-10 00:00:00+00:00,59089.17848838261
2024-09-11 00:00:00+00:00,59032.21721790346
2024-09-12 00:00:00+00:00,58975.25594742432
2024-09-13 00:00:00+00:00,58918.29467694516
2024-09-14 00:00:00+00:00,58861.33340646601
2024-09-15 00:00:00+00:00,58804.372135986865
2024-09-16 00:00:00+00:00,58747.410865507714
2024-09-17 00:00:00+00:00,58690.44959502857
2024-09-18 00:00:00+00:00,58633.48832454942
2024-09-19 00:00:00+00:00,58576.52705407027
2024-09-20 00:00:00+00:00,58519.56578359112
2024-09-21 00:00:00+00:00,58462.60451311197
2024-09-22 00:00:00+00:00,58405.643242632825
2024-09-23 00:00:00+00:00,58348.681972153674
2024-09-24 00:00:00+00:00,58291.72070167452
2024-09-25 00:00:00+00:00,58234.75943119538
2024-09-26 00:00:00+00:00,58177.79816071623
2024-09-27 00:00:00+00:00,58120.83689023708
2024-09-28 00:00:00+00:00,58063.87561975793
2024-09-29 00:00:00+00:00,58006.91434927878
2024-09-30 00:00:00+00:00,57949.953078799634
2024-10-01 00:00:00+00:00,57892.99180832048
2024-10-02 00:00:00+00:00,57836.03053784134
2024-10-03 00:00:00+00:00,57779.06926736219
2024-10-04 00:00:00+00:00,57722.10799688303
2024-10-05 00:00:00+00:00,62536.63340242366
2024-10-06 00:00:00+00:00,62634.11480642264
2024-10-07 00:00:00+00:00,62731.59621042162
2024-10-08 00:00:00+00:00,62829.07761442061
2024-10-09 00:00:00+00:00,62926.55901841959
2024-10-10 00:00:00+00:00,63024.04042241858
2024-10-11 00:00:00+00:00,63121.52182641756
2024-10-12 00:00:00+00:00,63219.00323041654
2024-10-13 00:00:00+00:00,63316.48463441553
2024-10-14 00:00:00+00:00,63413.96603841452
2024-10-15 00:00:00+00:00,63511.4474424135
2024-10-16 00:00:00+00:00,63608.92884641248
2024-10-17 00:00:00+00:00,63706.41025041146
2024-10-18 00:00:00+00:00,63803.89165441045
2024-10-19 00:00:00+00:00,63901.37305840943
2024-10-20 00:00:00+00:00,63998.85446240842
2024-10-21 00:00:00+00:00,64096.33586640739
2024-10-22 00:00:00+00:00,64193.817270406376
2024-10-23 00:00:00+00:00,64291.29867440536
2024-10-24 00:00:00+00:00,64388.78007840434
2024-10-25 00:00:00+00:00,64486.26148240333
2024-10-26 00:00:00+00:00,64583.74288640231
2024-10-27 00:00:00+00:00,64681.2242904013
2024-10-28 00:00:00+00:00,64778.70569440028
2024-10-29 00:00:00+00:00,64876.18709839926
2024-10-30 00:00:00+00:00,64973.66850239825
2024-10-31 00:00:00+00:00,65071.14990639723
2024-11-01 00:00:00+00:00,65168.63131039622
2024-11-02 00:00:00+00:00,65266.1127143952
2024-11-03 00:00:00+00:00,65363.59411839418
2024-11-04 00:00:00+00:00,69649.01970485246
2024-11-05 00:00:00+00:00,69841.10897651585
2024-11-06 00:00:00+00:00,70033.19824817924
2024-11-07 00:00:00+00:00,70225.28751984263
2024-11-08 00:00:00+00:00,70417.37679150602
2024-11-09 00:00:00+00:00,70609.4660631694
2024-11-10 00:00:00+00:00,70801.55533483278
2024-11-11 00:00:00+00:00,70993.64460649616
2024-11-12 00:00:00+00:00,71185.73387815956
2024-11-13 00:00:00+00:00,71377.82314982294
2024-11-14 00:00:00+00:00,71569.91242148634
2024-11-15 00:00:00+00:00,71762.00169314972
2024-11-16 00:00:00+00:00,71954.0909648131
2024-11-17 00:00:00+00:00,72146.18023647649
2024-11-18 00:00:00+00:00,72338.26950813989
2024-11-19 00:00:00+00:00,72530.35877980325
2024-11-20 00:00:00+00:00,72722.44805146665
2024-11-21 00:00:00+00:00,72914.53732313003
2024-11-22 00:00:00+00:00,73106.62659479342
2024-11-23 00:00:00+00:00,73298.71586645681
2024-11-24 00:00:00+00:00,73490.8051381202
2024-11-25 00:00:00+00:00,73682.89440978358
2024-11-26 00:00:00+00:00,73874.98368144697
2024-11-27 00:00:00+00:00,74067.07295311037
2024-11-28 00:00:00+00:00,74259.16222477374
2024-11-29 00:00:00+00:00,74451.25149643712
2024-11-30 00:00:00+00:00,74643.3407681005
2024-12-01 00:00:00+00:00,74835.4300397639
2024-12-02 00:00:00+00:00,75027.51931142728
2024-12-03 00:00:00+00:00,75219.60858309068
2024-12-04 00:00:00+00:00,102517.66771928607
2024-12-05 00:00:00+00:00,103408.1502626949
2024-12-06 00:00:00+00:00,104298.63280610372
2024-12-07 00:00:00+00:00,105189.11534951255
2024-12-08 00:00:00+00:00,106079.59789292137
2024-12-09 00:00:00+00:00,106970.0804363302
2024-12-10 00:00:00+00:00,107860.56297973904
2024-12-11 00:00:00+00:00,108751.04552314787
2024-12-12 00:00:00+00:00,109641.5280665567
2024-12-13 00:00:00+00:00,110532.01060996552
2024-12-14 00:00:00+00:00,111422.49315337435
2024-12-15 00:00:00+00:00,112312.97569678322
2024-12-16 00:00:00+00:00,113203.45824019205
2024-12-17 00:00:00+00:00,114093.94078360088
2024-12-18 00:00:00+00:00,114984.4233270097
2024-12-19 00:00:00+00:00,115874.90587041853
2024-12-20 00:00:00+00:00,116765.38841382736
2024-12-21 00:00:00+00:00,117655.87095723618
2024-12-22 00:00:00+00:00,118546.35350064501
2024-12-23 00:00:00+00:00,119436.83604405385
2024-12-24 00:00:00+00:00,120327.31858746268
2024-12-25 00:00:00+00:00,121217.8011308715
2024-12-26 00:00:00+00:00,122108.28367428033
2024-12-27 00:00:00+00:00,122998.76621768916
2024-12-28 00:00:00+00:00,123889.24876109799
2024-12-29 00:00:00+00:00,124779.73130450681
2024-12-30 00:00:00+00:00,125670.21384791564
2024-12-31 00:00:00+00:00,126560.69639132447
2025-01-01 00:00:00+00:00,127451.1789347333
2025-01-02 00:00:00+00:00,128341.66147814212
2025-01-03 00:00:00+00:00,96086.4105934341
2025-01-04 00:00:00+00:00,95951.76821542153
2025-01-05 00:00:00+00:00,95817.12583740892
2025-01-06 00:00:00+00:00,95682.48345939633
2025-01-07 00:00:00+00:00,95547.84108138375
2025-01-08 00:00:00+00:00,95413.19870337116
2025-01-09 00:00:00+00:00,95278.55632535857
2025-01-10 00:00:00+00:00,95143.91394734598
2025-01-11 00:00:00+00:00,95009.27156933337
2025-01-12 00:00:00+00:00,94874.6291913208
2025-01-13 00:00:00+00:00,94739.9868133082
2025-01-14 00:00:00+00:00,94605.34443529563
2025-01-15 00:00:00+00:00,94470.70205728304
2025-01-16 00:00:00+00:00,94336.05967927043
2025-01-17 00:00:00+00:00,94201.41730125784
2025-01-18 00:00:00+00:00,94066.77492324526
2025-01-19 00:00:00+00:00,93932.13254523267
2025-01-20 00:00:00+00:00,93797.49016722008
2025-01-21 00:00:00+00:00,93662.84778920749
2025-01-22 00:00:00+00:00,93528.2054111949
2025-01-23 00:00:00+00:00,93393.5630331823
2025-01-24 00:00:00+00:00,93258.92065516973
2025-01-25 00:00:00+00:00,93124.27827715714
2025-01-26 00:00:00+00:00,92989.63589914453
2025-01-27 00:00:00+00:00,92854.99352113194
2025-01-28 00:00:00+00:00,92720.35114311936
2025-01-29 00:00:00+00:00,92585.70876510677
2025-01-30 00:00:00+00:00,92451.06638709418
2025-01-31 00:00:00+00:00,92316.42400908159
2025-02-01 00:00:00+00:00,92181.781631069
2025-02-02 00:00:00+00:00,102779.91157156872
2025-02-03 00:00:00+00:00,102935.76648429259
2025-02-04 00:00:00+00:00,103091.62139701647
2025-02-05 00:00:00+00:00,103247.47630974035
2025-02-06 00:00:00+00:00,103403.33122246421
2025-02-07 00:00:00+00:00,103559.18613518808
2025-02-08 00:00:00+00:00,103715.04104791196
2025-02-09 00:00:00+00:00,103870.89596063583
2025-02-10 00:00:00+00:00,104026.7508733597
2025-02-11 00:00:00+00:00,104182.60578608357
2025-02-12 00:00:00+00:00,104338.46069880745
2025-02-13 00:00:00+00:00,104494.31561153132
2025-02-14 00:00:00+00:00,104650.17052425518
2025-02-15 00:00:00+00:00,104806.02543697906
2025-02-16 00:00:00+00:00,104961.88034970293
2025-02-17 00:00:00+00:00,105117.73526242681
2025-02-18 00:00:00+00:00,105273.59017515069
2025-02-19 00:00:00+00:00,105429.44508787454
2025-02-20 00:00:00+00:00,105585.30000059842
2025-02-21 00:00:00+00:00,105741.1549133223
2025-02-22 00:00:00+00:00,105897.00982604617
2025-02-23 00:00:00+00:00,106052.86473877003
2025-02-24 00:00:00+00:00,106208.71965149391
2025-02-25 00:00:00+00:00,106364.57456421778
2025-02-26 00:00:00+00:00,106520.42947694166
2025-02-27 00:00:00+00:00,106676.28438966552
2025-02-28 00:00:00+00:00,106832.1393023894
2025-03-01 00:00:00+00:00,106987.99421511329
2025-03-02 00:00:00+00:00,107143.84912783715
2025-03-03 00:00:00+00:00,107299.70404056103
2025-03-04 00:00:00+00:00,90003.69228931997
2025-03-05 00:00:00+00:00,89696.965444401
2025-03-06 00:00:00+00:00,89390.23859948202
2025-03-07 00:00:00+00:00,89083.51175456305
2025-03-08 00:00:00+00:00,88776.78490964408
2025-03-09 00:00:00+00:00,88470.05806472509
2025-03-10 00:00:00+00:00,88163.33121980612
2025-03-11 00:00:00+00:00,87856.60437488713
2025-03-12 00:00:00+00:00,87549.87752996816
2025-03-13 00:00:00+00:00,87243.15068504919
2025-03-14 00:00:00+00:00,86936.4238401302
2025-03-15 00:00:00+00:00,86629.69699521123
2025-03-16 00:00:00+00:00,86322.97015029224
2025-03-17 00:00:00+00:00,86016.24330537327
2025-03-18 00:00:00+00:00,85709.5164604543
2025-03-19 00:00:00+00:00,85402.78961553532
2025-03-20 00:00:00+00:00,85096.06277061635
2025-03-21 00:00:00+00:00,84789.33592569736
2025-03-22 00:00:00+00:00,84482.60908077839
2025-03-23 00:00:00+00:00,84175.88223585942
2025-03-24 00:00:00+00:00,83869.15539094045
2025-03-25 00:00:00+00:00,83562.42854602147
2025-03-26 00:00:00+00:00,83255.70170110249
2025-03-27 00:00:00+00:00,82948.97485618351
2025-03-28 00:00:00+00:00,82642.24801126454
2025-03-29 00:00:00+00:00,82335.52116634557
2025-03-30 00:00:00+00:00,82028.79432142658
2025-03-31 00:00:00+00:00,81722.06747650761
2025-04-01 00:00:00+00:00,81415.34063158862
2025-04-02 00:00:00+00:00,81108.61378666965
2025-04-03 00:00:00+00:00,81134.77690375676
2025-04-04 00:00:00+00:00,80878.71926270201
2025-04-05 00:00:00+00:00,80622.66162164725
2025-04-06 00:00:00+00:00,80366.6039805925
2025-04-07 00:00:00+00:00,80110.54633953774
2025-04-08 00:00:00+00:00,79854.488698483
2025-04-09 00:00:00+00:00,79598.43105742823
2025-04-10 00:00:00+00:00,79342.37341637348
2025-04-11 00:00:00+00:00,79086.31577531871
2025-04-12 00:00:00+00:00,78830.25813426396
2025-04-13 00:00:00+00:00,78574.20049320921
2025-04-14 00:00:00+00:00,78318.14285215446
2025-04-15 00:00:00+00:00,78062.0852110997
2025-04-16 00:00:00+00:00,77806.02757004494
2025-04-17 00:00:00+00:00,77549.96992899019
2025-04-18 00:00:00+00:00,77293.91228793543
2025-04-19 00:00:00+00:00,77037.85464688067
2025-04-20 00:00:00+00:00,76781.79700582592
2025-04-21 00:00:00+00:00,76525.73936477117
2025-04-22 00:00:00+00:00,76269.6817237164
2025-04-23 00:00:00+00:00,76013.62408266166
2025-04-24 00:00:00+00:00,75757.5664416069
2025-04-25 00:00:00+00:00,75501.50880055215
2025-04-26 00:00:00+00:00,75245.45115949739
2025-04-27 00:00:00+00:00,74989.39351844264
2025-04-28 00:00:00+00:00,74733.33587738787
2025-04-29 00:00:00+00:00,74477.27823633312
2025-04-30 00:00:00+00:00,74221.22059527837
2025-05-01 00:00:00+00:00,73965.16295422362
2025-05-02 00:00:00+00:00,73709.10531316885
2025-05-03 00:00:00+00:00,95172.48768830251
2025-05-04 00:00:00+00:00,95654.32795413947
2025-05-05 00:00:00+00:00,96136.16821997642
2025-05-06 00:00:00+00:00,96618.00848581336
2025-05-07 00:00:00+00:00,97099.84875165032
2025-05-08 00:00:00+00:00,97581.68901748727
2025-05-09 00:00:00+00:00,98063.52928332423
2025-05-10 00:00:00+00:00,98545.36954916119
2025-05-11 00:00:00+00:00,99027.20981499813
2025-05-12 00:00:00+00:00,99509.05008083509
2025-05-13 00:00:00+00:00,99990.89034667205
2025-05-14 00:00:00+00:00,100472.730612509
2025-05-15 00:00:00+00:00,100954.57087834596
2025-05-16 00:00:00+00:00,101436.4111441829
2025-05-17 00:00:00+00:00,101918.25141001985
2025-05-18 00:00:00+00:00,102400.0916758568
2025-05-19 00:00:00+00:00,102881.93194169375
2025-05-20 00:00:00+00:00,103363.77220753071
2025-05-21 00:00:00+00:00,103845.61247336767
2025-05-22 00:00:00+00:00,104327.4527392046
2025-05-23 00:00:00+00:00,104809.29300504156
2025-05-24 00:00:00+00:00,105291.13327087852
2025-05-25 00:00:00+00:00,105772.97353671546
2025-05-26 00:00:00+00:00,106254.81380255244
2025-05-27 00:00:00+00:00,106736.65406838938
2025-05-28 00:00:00+00:00,107218.49433422631
2025-05-29 00:00:00+00:00,107700.33460006329
2025-05-30 00:00:00+00:00,108182.17486590025
2025-05-31 00:00:00+00:00,108664.0151317372
2025-06-01 00:00:00+00:00,109145.85539757414
2025-06-02 00:00:00+00:00,111800.20996090904
2025-06-03 00:00:00+00:00,112311.764018938
2025-06-04 00:00:00+00:00,112823.31807696704
2025-06-05 00:00:00+00:00,113334.87213499603
2025-06-06 00:00:00+00:00,113846.42619302505
2025-06-07 00:00:00+00:00,114357.98025105403
2025-06-08 00:00:00+00:00,114869.53430908306
2025-06-09 00:00:00+00:00,115381.0883671121
2025-06-10 00:00:00+00:00,115892.64242514108
2025-06-11 00:00:00+00:00,116404.1964831701
2025-06-12 00:00:00+00:00,116915.75054119909
2025-06-13 00:00:00+00:00,117427.30459922811
2025-06-14 00:00:00+00:00,117938.8586572571
2025-06-15 00:00:00+00:00,118450.41271528613
2025-06-16 00:00:00+00:00,118961.9667733151
2025-06-17 00:00:00+00:00,119473.52083134414
2025-06-18 00:00:00+00:00,119985.07488937312
2025-06-19 00:00:00+00:00,120496.62894740215
2025-06-20 00:00:00+00:00,121008.18300543113
2025-06-21 00:00:00+00:00,121519.73706346015
2025-06-22 00:00:00+00:00,122031.29112148914
2025-06-23 00:00:00+00:00,122542.84517951818
2025-06-24 00:00:00+00:00,123054.39923754716
2025-06-25 00:00:00+00:00,123565.95329557618
2025-06-26 00:00:00+00:00,124077.50735360521
2025-06-27 00:00:00+00:00,124589.06141163419
2025-06-28 00:00:00+00:00,125100.61546966321
2025-06-29 00:00:00+00:00,125612.1695276922
2025-06-30 00:00:00+00:00,126123.72358572124
2025-07-01 00:00:00+00:00,126635.27764375022
2025-07-02 00:00:00+00:00,105824.36741394259
2025-07-03 00:00:00+00:00,105802.10232675374
2025-07-04 00:00:00+00:00,105779.83723956486
2025-07-05 00:00:00+00:00,105757.57215237599
2025-07-06 00:00:00+00:00,105735.30706518712
2025-07-07 00:00:00+00:00,105713.04197799825
2025-07-08 00:00:00+00:00,105690.77689080939
2025-07-09 00:00:00+00:00,105668.51180362052
2025-07-10 00:00:00+00:00,105646.24671643165
2025-07-11 00:00:00+00:00,105623.98162924279
2025-07-12 00:00:00+00:00,105601.71654205391
2025-07-13 00:00:00+00:00,105579.45145486505
2025-07-14 00:00:00+00:00,105557.18636767617
2025-07-15 00:00:00+00:00,105534.92128048731
2025-07-16 00:00:00+00:00,105512.65619329845
2025-07-17 00:00:00+00:00,105490.39110610957
2025-07-18 00:00:00+00:00,105468.12601892071
2025-07-19 00:00:00+00:00,105445.86093173183
2025-07-20 00:00:00+00:00,105423.59584454297
2025-07-21 00:00:00+00:00,105401.3307573541
2025-07-22 00:00:00+00:00,105379.06567016523
2025-07-23 00:00:00+00:00,105356.80058297637
2025-07-24 00:00:00+00:00,105334.5354957875
2025-07-25 00:00:00+00:00,105312.27040859863
2025-07-26 00:00:00+00:00,105290.00532140976
2025-07-27 00:00:00+00:00,105267.74023422088
2025-07-28 00:00:00+00:00,105245.47514703203
2025-07-29 00:00:00+00:00,105223.21005984316
2025-07-30 00:00:00+00:00,105200.9449726543
2025-07-31 00:00:00+00:00,105178.67988546542
2025-08-01 00:00:00+00:00,121316.65683537406
2025-08-02 00:00:00+00:00,121705.97213182886
2025-08-03 00:00:00+00:00,122095.2874282837
2025-08-04 00:00:00+00:00,122484.60272473849
2025-08-05 00:00:00+00:00,122873.91802119333
2025-08-06 00:00:00+00:00,123263.23331764816
2025-08-07 00:00:00+00:00,123652.54861410295
2025-08-08 00:00:00+00:00,124041.86391055779
2025-08-09 00:00:00+00:00,124431.17920701262
2025-08-10 00:00:00+00:00,124820.49450346743
2025-08-11 00:00:00+00:00,125209.80979992225
2025-08-12 00:00:00+00:00,125599.12509637709
2025-08-13 00:00:00+00:00,125988.44039283192
2025-08-14 00:00:00+00:00,126377.75568928671
2025-08-15 00:00:00+00:00,126767.07098574155
2025-08-16 00:00:00+00:00,127156.38628219636
2025-08-17 00:00:00+00:00,127545.70157865118
2025-08-18 00:00:00+00:00,127935.01687510601
2025-08-19 00:00:00+00:00,128324.33217156082
2025-08-20 00:00:00+00:00,128713.64746801565
2025-08-21 00:00:00+00:00,129102.96276447045
2025-08-22 00:00:00+00:00,129492.27806092528
2025-08-23 00:00:00+00:00,129881.59335738012
2025-08-24 00:00:00+00:00,130270.90865383494
2025-08-25 00:00:00+00:00,130660.22395028974
2025-08-26 00:00:00+00:00,131049.53924674458
2025-08-27 00:00:00+00:00,131438.85454319938
2025-08-28 00:00:00+00:00,131828.1698396542
2025-08-29 00:00:00+00:00,132217.48513610903
2025-08-30 00:00:00+00:00,132606.80043256388
2025-08-31 00:00:00+00:00,112838.26140233841
2025-09-01 00:00:00+00:00,112688.97544312087
2025-09-02 00:00:00+00:00,112539.68948390335
2025-09-03 00:00:00+00:00,112390.40352468583
2025-09-04 00:00:00+00:00,112241.11756546827
2025-09-05 00:00:00+00:00,112091.83160625075
2025-09-06 00:00:00+00:00,111942.54564703321
2025-09-07 00:00:00+00:00,111793.25968781569
2025-09-08 00:00:00+00:00,111643.97372859815
2025-09-09 00:00:00+00:00,111494.68776938062
2025-09-10 00:00:00+00:00,111345.4018101631
2025-09-11 00:00:00+00:00,111196.11585094556
2025-09-12 00:00:00+00:00,111046.82989172803
2025-09-13 00:00:00+00:00,110897.5439325105
2025-09-14 00:00:00+00:00,110748.25797329296
2025-09-15 00:00:00+00:00,110598.97201407544
2025-09-16 00:00:00+00:00,110449.6860548579
2025-09-17 00:00:00+00:00,110300.40009564038
2025-09-18 00:00:00+00:00,110151.11413642284
2025-09-19 00:00:00+00:00,110001.8281772053
2025-09-20 00:00:00+00:00,109852.54221798778
2025-09-21 00:00:00+00:00,109703.25625877026
2025-09-22 00:00:00+00:00,109553.9702995527
2025-09-23 00:00:00+00:00,109404.68434033518
2025-09-24 00:00:00+00:00,109255.39838111764
2025-09-25 00:00:00+00:00,109106.11242190012
2025-09-26 00:00:00+00:00,108956.82646268258
2025-09-27 00:00:00+00:00,108807.54050346505
2025-09-28 00:00:00+00:00,108658.25454424752
2025-09-29 00:00:00+00:00,108508.96858503
2025-09-30 00:00:00+00:00,113129.02646802212
2025-10-01 00:00:00+00:00,113133.72120413961
2025-10-02 00:00:00+00:00,113138.41594025711
2025-10-03 00:00:00+00:00,113143.1106763746
2025-10-04 00:00:00+00:00,113147.80541249212
2025-10-05 00:00:00+00:00,113152.50014860962
2025-10-06 00:00:00+00:00,113157.19488472713
2025-10-07 00:00:00+00:00,113161.88962084464
2025-10-08 00:00:00+00:00,113166.58435696214
2025-10-09 00:00:00+00:00,113171.27909307963
2025-10-10 00:00:00+00:00,113175.97382919714
2025-10-11 00:00:00+00:00,113180.66856531464
2025-10-12 00:00:00+00:00,113185.36330143214
2025-10-13 00:00:00+00:00,113190.05803754965
2025-10-14 00:00:00+00:00,113194.75277366716
2025-10-15 00:00:00+00:00,113199.44750978466
2025-10-16 00:00:00+00:00,113204.14224590217
2025-10-17 00:00:00+00:00,113208.83698201967
2025-10-18 00:00:00+00:00,113213.53171813716
2025-10-19 00:00:00+00:00,113218.22645425468
2025-10-20 00:00:00+00:00,113222.92119037217
2025-10-21 00:00:00+00:00,113227.61592648967
2025-10-22 00:00:00+00:00,113232.31066260718
2025-10-23 00:00:00+00:00,113237.0053987247
2025-10-24 00:00:00+00:00,113241.70013484219
2025-10-25 00:00:00+00:00,113246.39487095969
2025-10-26 00:00:00+00:00,113251.0896070772
2025-10-27 00:00:00+00:00,113255.7843431947
2025-10-28 00:00:00+00:00,113260.4790793122
2025-10-29 00:00:00+00:00,113265.17381542972
2025-10-30 00:00:00+00:00,110548.93474954127
2025-10-31 00:00:00+00:00,110362.66278029364
2025-11-01 00:00:00+00:00,110176.39081104603
2025-11-02 00:00:00+00:00,109990.11884179841
2025-11-03 00:00:00+00:00,109803.84687255078
2025-11-04 00:00:00+00:00,109617.57490330316
2025-11-05 00:00:00+00:00,109431.30293405555
2025-11-06 00:00:00+00:00,109245.03096480793
2025-11-07 00:00:00+00:00,109058.7589955603
2025-11-08 00:00:00+00:00,108872.4870263127
2025-11-09 00:00:00+00:00,108686.21505706506
2025-11-10 00:00:00+00:00,108499.94308781743
2025-11-11 00:00:00+00:00,108313.67111856982
2025-11-12 00:00:00+00:00,108127.39914932221
2025-11-13 00:00:00+00:00,107941.12718007459
2025-11-14 00:00:00+00:00,107754.85521082695
2025-11-15 00:00:00+00:00,107568.58324157934
2025-11-16 00:00:00+00:00,107382.31127233172
2025-11-17 00:00:00+00:00,107196.03930308411
2025-11-18 00:00:00+00:00,107009.76733383648
2025-11-19 00:00:00+00:00,106823.49536458887
2025-11-20 00:00:00+00:00,106637.22339534124
2025-11-21 00:00:00+00:00,106450.95142609361
2025-11-22 00:00:00+00:00,106264.679456846
2025-11-23 00:00:00+00:00,106078.40748759838
2025-11-24 00:00:00+00:00,105892.13551835075
2025-11-25 00:00:00+00:00,105705.86354910315
2025-11-26 00:00:00+00:00,105519.59157985552
2025-11-27 00:00:00+00:00,105333.3196106079
2025-11-28 00:00:00+00:00,105147.04764136027
2025-11-29 00:00:00+00:00,86058.82797168408
2025-11-30 00:00:00+00:00,85320.66913652066
2025-12-01 00:00:00+00:00,84582.51030135725
2025-12-02 00:00:00+00:00,83844.35146619382
2025-12-03 00:00:00+00:00,83106.19263103041
2025-12-04 00:00:00+00:00,82368.03379586698
2025-12-05 00:00:00+00:00,81629.87496070357
2025-12-06 00:00:00+00:00,80891.71612554013
2025-12-07 00:00:00+00:00,80153.55729037672
2025-12-08 00:00:00+00:00,79415.39845521329
2025-12-09 00:00:00+00:00,78677.23962004988
2025-12-10 00:00:00+00:00,77939.08078488646
2025-12-11 00:00:00+00:00,77200.92194972305
2025-12-12 00:00:00+00:00,76462.76311455962
2025-12-13 00:00:00+00:00,75724.6042793962
2025-12-14 00:00:00+00:00,74986.44544423278
2025-12-15 00:00:00+00:00,74248.28660906937
2025-12-16 00:00:00+00:00,73510.12777390594
2025-12-17 00:00:00+00:00,72771.96893874253
2025-12-18 00:00:00+00:00,72033.81010357912
2025-12-19 00:00:00+00:00,71295.6512684157
2025-12-20 00:00:00+00:00,70557.49243325228
2025-12-21 00:00:00+00:00,69819.33359808885
2025-12-22 00:00:00+00:00,69081.17476292542
2025-12-23 00:00:00+00:00,68343.01592776201
2025-12-24 00:00:00+00:00,67604.85709259858
2025-12-25 00:00:00+00:00,66866.69825743516
2025-12-26 00:00:00+00:00,66128.53942227174
2025-12-27 00:00:00+00:00,65390.38058710833
2025-12-28 00:00:00+00:00,64652.22175194491
2025-12-29 00:00:00+00:00,86506.72138100704
2025-12-30 00:00:00+00:00,86367.1488481472
2025-12-31 00:00:00+00:00,86227.57631528736
2026-01-01 00:00:00+00:00,86088.00378242749
2026-01-02 00:00:00+00:00,85948.43124956764
2026-01-03 00:00:00+00:00,85808.8587167078
2026-01-04 00:00:00+00:00,85669.28618384796
2026-01-05 00:00:00+00:00,85529.7136509881
2026-01-06 00:00:00+00:00,85390.14111812825
2026-01-07 00:00:00+00:00,85250.5685852684
2026-01-08 00:00:00+00:00,85110.99605240856
2026-01-09 00:00:00+00:00,84971.42351954871
2026-01-10 00:00:00+00:00,84831.85098668886
2026-01-11 00:00:00+00:00,84692.27845382901
2026-01-12 00:00:00+00:00,84552.70592096915
2026-01-13 00:00:00+00:00,84413.13338810932
2026-01-14 00:00:00+00:00,84273.56085524947
2026-01-15 00:00:00+00:00,84133.98832238962
2026-01-16 00:00:00+00:00,83994.41578952975
2026-01-17 00:00:00+00:00,83854.8432566699
2026-01-18 00:00:00+00:00,83715.27072381007
2026-01-19 00:00:00+00:00,83575.69819095022
2026-01-20 00:00:00+00:00,83436.12565809037
2026-01-21 00:00:00+00:00,83296.55312523052
2026-01-22 00:00:00+00:00,83156.98059237067
2026-01-23 00:00:00+00:00,83017.40805951082
2026-01-24 00:00:00+00:00,82877.83552665098
2026-01-25 00:00:00+00:00,82738.26299379113
2026-01-26 00:00:00+00:00,82598.69046093128
2026-01-27 00:00:00+00:00,82459.11792807143
2026-01-28 00:00:00+00:00,91110.34516761289
2026-01-29 00:00:00+00:00,91154.83389455684
2026-01-30 00:00:00+00:00,91199.32262150082
2026-01-31 00:00:00+00:00,91243.81134844477
2026-02-01 00:00:00+00:00,91288.30007538875
2026-02-02 00:00:00+00:00,91332.78880233271
2026-02-03 00:00:00+00:00,91377.27752927667
2026-02-04 00:00:00+00:00,91421.76625622064
2026-02-05 00:00:00+00:00,91466.2549831646
2026-02-06 00:00:00+00:00,91510.74371010857
2026-02-07 00:00:00+00:00,91555.23243705255
2026-02-08 00:00:00+00:00,91599.7211639965
2026-02-09 00:00:00+00:00,91644.20989094047
2026-02-10 00:00:00+00:00,91688.69861788444
2026-02-11 00:00:00+00:00,91733.1873448284
2026-02-12 00:00:00+00:00,91777.67607177237
2026-02-13 00:00:00+00:00,91822.16479871633
2026-02-14 00:00:00+00:00,91866.6535256603
2026-02-15 00:00:00+00:00,91911.14225260427
2026-02-16 00:00:00+00:00,91955.63097954822
2026-02-17 00:00:00+00:00,92000.1197064922
2026-02-18 00:00:00+00:00,92044.60843343615
2026-02-19 00:00:00+00:00,92089.09716038013
2026-02-20 00:00:00+00:00,92133.5858873241
2026-02-21 00:00:00+00:00,92178.07461426806
2026-02-22 00:00:00+00:00,92222.56334121202
2026-02-23 00:00:00+00:00,92267.05206815599
2026-02-24 00:00:00+00:00,92311.54079509995
2026-02-25 00:00:00+00:00,92356.02952204393
2026-02-26 00:00:00+00:00,92400.51824898788
2026-02-27 00:00:00+00:00,60731.54356872987
2026-02-28 00:00:00+00:00,59994.62786342758
2026-03-01 00:00:00+00:00,59257.71215812527
2026-03-02 00:00:00+00:00,58520.796452822986
2026-03-03 00:00:00+00:00,57783.8807475207
2026-03-04 00:00:00+00:00,57046.965042218406
2026-03-05 00:00:00+00:00,56310.049336916105
2026-03-06 00:00:00+00:00,55573.1336316138
2026-03-07 00:00:00+00:00,54836.2179263115
2026-03-08 00:00:00+00:00,54099.30222100922
2026-03-09 00:00:00+00:00,53362.38651570693
2026-03-10 00:00:00+00:00,52625.47081040464
2026-03-11 00:00:00+00:00,51888.555105102336
2026-03-12 00:00:00+00:00,51151.63939980005
2026-03-13 00:00:00+00:00,50414.72369449776
2026-03-14 00:00:00+00:00,49677.80798919547
2026-03-15 00:00:00+00:00,48940.89228389317
2026-03-16 00:00:00+00:00,48203.97657859088
2026-03-17 00:00:00+00:00,47467.060873288596
2026-03-18 00:00:00+00:00,46730.1451679863
2026-03-19 00:00:00+00:00,45993.229462684
2026-03-20 00:00:00+00:00,45256.313757381715
2026-03-21 00:00:00+00:00,44519.39805207943
2026-03-22 00:00:00+00:00,43782.48234677711
2026-03-23 00:00:00+00:00,43045.56664147482
2026-03-24 00:00:00+00:00,42308.65093617253
2026-03-25 00:00:00+00:00,41571.73523087023
2026-03-26 00:00:00+00:00,40834.819525567946
2026-03-27 00:00:00+00:00,40097.903820265645
2026-03-28 00:00:00+00:00,39360.98811496335
2026-03-29 00:00:00+00:00,70338.32585053069
2026-03-30 00:00:00+00:00,70417.64745059992
2026-03-31 00:00:00+00:00,70496.96905066915
2026-04-01 00:00:00+00:00,70576.29065073839
2026-04-02 00:00:00+00:00,70655.61225080762
2026-04-03 00:00:00+00:00,70734.93385087684
2026-04-04 00:00:00+00:00,70814.25545094608
2026-04-05 00:00:00+00:00,70893.57705101531
2026-04-06 00:00:00+00:00,70972.89865108454
2026-04-07 00:00:00+00:00,71052.22025115378
2026-04-08 00:00:00+00:00,71131.541851223
2026-04-09 00:00:00+00:00,71210.86345129224
2026-04-10 00:00:00+00:00,71290.18505136146
2026-04-11 00:00:00+00:00,71369.5066514307
2026-04-12 00:00:00+00:00,71448.82825149993
2026-04-13 00:00:00+00:00,71528.14985156915
2026-04-14 00:00:00+00:00,71607.4714516384
2026-04-15 00:00:00+00:00,71686.79305170762
2026-04-16 00:00:00+00:00,71766.11465177685
2026-04-17 00:00:00+00:00,71845.43625184608
2026-04-18 00:00:00+00:00,71924.75785191532
2026-04-19 00:00:00+00:00,72004.07945198454
2026-04-20 00:00:00+00:00,72083.40105205377
2026-04-21 00:00:00+00:00,72162.72265212302
2026-04-22 00:00:00+00:00,72242.04425219224
2026-04-23 00:00:00+00:00,72321.36585226147
2026-04-24 00:00:00+00:00,72400.6874523307
2026-04-25 00:00:00+00:00,72480.00905239994
2026-04-26 00:00:00+00:00,72559.33065246917
2026-04-27 00:00:00+00:00,72638.65225253839
2026-04-28 00:00:00+00:00,77916.35271444175
2026-04-29 00:00:00+00:00,78217.78311050037
2026-04-30 00:00:00+00:00,78519.21350655903
2026-05-01 00:00:00+00:00,78820.64390261765
2026-05-02 00:00:00+00:00,79122.07429867629
2026-05-03 00:00:00+00:00,79423.50469473492
2026-05-04 00:00:00+00:00,79724.93509079357
2026-05-05 00:00:00+00:00,80026.36548685221
2026-05-06 00:00:00+00:00,80327.79588291085
2026-05-07 00:00:00+00:00,80629.22627896948
2026-05-08 00:00:00+00:00,80930.65667502813
2026-05-09 00:00:00+00:00,81232.08707108677
2026-05-10 00:00:00+00:00,81533.51746714542
2026-05-11 00:00:00+00:00,81834.94786320404
2026-05-12 00:00:00+00:00,82136.37825926268
2026-05-13 00:00:00+00:00,82437.8086553213
2026-05-14 00:00:00+00:00,82739.23905137996
2026-05-15 00:00:00+00:00,83040.6694474386
2026-05-16 00:00:00+00:00,83342.09984349724
2026-05-17 00:00:00+00:00,83643.53023955587
2026-05-18 00:00:00+00:00,83944.96063561451
2026-05-19 00:00:00+00:00,84246.39103167313
2026-05-20 00:00:00+00:00,84547.82142773179
2026-05-21 00:00:00+00:00,84849.25182379043
2026-05-22 00:00:00+00:00,85150.68221984907
2026-05-23 00:00:00+00:00,85452.11261590771
2026-05-24 00:00:00+00:00,85753.54301196635
2026-05-25 00:00:00+00:00,86054.97340802499
2026-05-26 00:00:00+00:00,86356.40380408363
2026-05-27 00:00:00+00:00,86657.83420014226
2026-05-28 00:00:00+00:00,78466.06657003018
2026-05-29 00:00:00+00:00,78481.28683565903
2026-05-30 00:00:00+00:00,78496.5071012879
2026-05-31 00:00:00+00:00,78511.72736691678
2026-06-01 00:00:00+00:00,78526.94763254565
2026-06-02 00:00:00+00:00,78542.1678981745
2026-06-03 00:00:00+00:00,78557.38816380338
2026-06-04 00:00:00+00:00,78572.60842943225
2026-06-05 00:00:00+00:00,78587.82869506112
2026-06-06 00:00:00+00:00,78603.04896068998
2026-06-07 00:00:00+00:00,78618.26922631885
2026-06-08 00:00:00+00:00,78633.48949194772
2026-06-09 00:00:00+00:00,78648.70975757658
2026-06-10 00:00:00+00:00,78663.93002320545
2026-06-11 00:00:00+00:00,78679.15028883432
2026-06-12 00:00:00+00:00,78694.3705544632
2026-06-13 00:00:00+00:00,78709.59082009205
2026-06-14 00:00:00+00:00,78724.81108572092
2026-06-15 00:00:00+00:00,78740.0313513498
2026-06-16 00:00:00+00:00,78755.25161697865
2026-06-17 00:00:00+00:00,78770.47188260753
2026-06-18 00:00:00+00:00,78785.6921482364
2026-06-19 00:00:00+00:00,78800.91241386527
2026-06-20 00:00:00+00:00,78816.13267949413
2026-06-21 00:00:00+00:00,78831.352945123
2026-06-22 00:00:00+00:00,78846.57321075187
2026-06-23 00:00:00+00:00,78861.79347638074
2026-06-24 00:00:00+00:00,78877.0137420096
2026-06-25 00:00:00+00:00,78892.23400763847
2026-06-26 00:00:00+00:00,78907.45427326734
2026-06-27 00:00:00+00:00,58515.82351564507
2026-06-28 00:00:00+00:00,58051.70377824631
2026-06-29 00:00:00+00:00,57587.584040847556
2026-06-30 00:00:00+00:00,57123.464303448796
2026-07-01 00:00:00+00:00,56659.344566050044
2026-07-02 00:00:00+00:00,56195.224828651284
2026-07-03 00:00:00+00:00,55731.105091252524
2026-07-04 00:00:00+00:00,55266.98535385375
2026-07-05 00:00:00+00:00,54802.865616455
2026-07-06 00:00:00+00:00,54338.745879056245
2026-07-07 00:00:00+00:00,53874.626141657485
