Timestamp,Simple_Exp_Smoothing
2023-08-12 00:00:00+00:00,29402.73607202894
2023-08-13 00:00:00+00:00,29413.634577706147
2023-08-14 00:00:00+00:00,29298.57742834089
2023-08-15 00:00:00+00:00,29394.207690469564
2023-08-16 00:00:00+00:00,29203.802688496784
2023-08-17 00:00:00+00:00,28771.0681755553
2023-08-18 00:00:00+00:00,26881.932516183642
2023-08-19 00:00:00+00:00,26111.90142128658
2023-08-20 00:00:00+00:00,26098.15036168872
2023-08-21 00:00:00+00:00,26184.471161863537
2023-08-22 00:00:00+00:00,26129.82934080754
2023-08-23 00:00:00+00:00,26048.116763363705
2023-08-24 00:00:00+00:00,26414.78500080972
2023-08-25 00:00:00+00:00,26184.08194314641
2023-08-26 00:00:00+00:00,26059.15637615492
2023-08-27 00:00:00+00:00,26011.41436404356
2023-08-28 00:00:00+00:00,26084.7673475374
2023-08-29 00:00:00+00:00,26101.791870618108
2023-08-30 00:00:00+00:00,27620.62820587363
2023-08-31 00:00:00+00:00,27323.865409935755
2023-09-01 00:00:00+00:00,26044.64832904408
2023-09-02 00:00:00+00:00,25813.692434633627
2023-09-03 00:00:00+00:00,25866.116938851213
2023-09-04 00:00:00+00:00,25962.772225505567
2023-09-05 00:00:00+00:00,25829.374572989764
2023-09-06 00:00:00+00:00,25785.38577673084
2023-09-07 00:00:00+00:00,25750.240061680386
2023-09-08 00:00:00+00:00,26215.767984575854
2023-09-09 00:00:00+00:00,25926.62643016627
2023-09-10 00:00:00+00:00,25900.193079770997
2023-09-11 00:00:00+00:00,25839.729132768025
2023-09-12 00:00:00+00:00,25200.619187595305
2023-09-13 00:00:00+00:00,25793.740510166732
2023-09-14 00:00:00+00:00,26194.81044148541
2023-09-15 00:00:00+00:00,26505.694772057872
2023-09-16 00:00:00+00:00,26599.647159382366
2023-09-17 00:00:00+00:00,26573.065869202506
2023-09-18 00:00:00+00:00,26537.74231111323
2023-09-19 00:00:00+00:00,26752.997437006037
2023-09-20 00:00:00+00:00,27181.798185897926
2023-09-21 00:00:00+00:00,27131.76165218239
2023-09-22 00:00:00+00:00,26599.68487561702
2023-09-23 00:00:00+00:00,26582.107149193413
2023-09-24 00:00:00+00:00,26582.945038589114
2023-09-25 00:00:00+00:00,26268.51584559247
2023-09-26 00:00:00+00:00,26295.264444385317
2023-09-27 00:00:00+00:00,26213.32776538519
2023-09-28 00:00:00+00:00,26353.002702770835
2023-09-29 00:00:00+00:00,26994.384181536418
2023-09-30 00:00:00+00:00,26915.053502245086
2023-10-01 00:00:00+00:00,26963.37657272841
2023-10-02 00:00:00+00:00,27936.02244897295
2023-10-03 00:00:00+00:00,27532.021254187996
2023-10-04 00:00:00+00:00,27440.674175817014
2023-10-05 00:00:00+00:00,27768.822517575954
2023-10-06 00:00:00+00:00,27440.972386221674
2023-10-07 00:00:00+00:00,27912.93306281225
2023-10-08 00:00:00+00:00,27967.234751580538
2023-10-09 00:00:00+00:00,27935.290702144808
2023-10-10 00:00:00+00:00,27617.213729580842
2023-10-11 00:00:00+00:00,27396.536621312654
2023-10-12 00:00:00+00:00,26874.000007763505
2023-10-13 00:00:00+00:00,26756.000001758337
2023-10-14 00:00:00+00:00,26866.99999834597
2023-10-15 00:00:00+00:00,26855.000000178814
2023-10-16 00:00:00+00:00,27173.99999524653
2023-10-17 00:00:00+00:00,28517.99997997284
2023-10-18 00:00:00+00:00,28408.000001639128
2023-10-19 00:00:00+00:00,28328.000001192093
2023-10-20 00:00:00+00:00,28732.99999396503
2023-10-21 00:00:00+00:00,29687.99998576939
2023-10-22 00:00:00+00:00,29926.999996438622
2023-10-23 00:00:00+00:00,30001.999998882413
2023-10-24 00:00:00+00:00,33073.99995422363
2023-10-25 00:00:00+00:00,33916.99998743832
2023-10-26 00:00:00+00:00,34497.999991342425
2023-10-27 00:00:00+00:00,34165.00000496209
2023-10-28 00:00:00+00:00,33906.0000038594
2023-10-29 00:00:00+00:00,34090.999997243285
2023-10-30 00:00:00+00:00,34537.99999333918
2023-10-31 00:00:00+00:00,34495.00000064075
2023-11-01 00:00:00+00:00,34660.99999752641
2023-11-02 00:00:00+00:00,35439.999988391995
2023-11-03 00:00:00+00:00,34937.000007495284
2023-11-04 00:00:00+00:00,34727.000003129244
2023-11-05 00:00:00+00:00,35085.99999465048
2023-11-06 00:00:00+00:00,35045.00000061095
2023-11-07 00:00:00+00:00,35042.0000000447
2023-11-08 00:00:00+00:00,35413.99999445677
2023-11-09 00:00:00+00:00,35639.99999663234
2023-11-10 00:00:00+00:00,36692.99998430908
2023-11-11 00:00:00+00:00,37318.99999067187
2023-11-12 00:00:00+00:00,37152.000002488494
2023-11-13 00:00:00+00:00,37086.00000098348
2023-11-14 00:00:00+00:00,36485.0000089556
2023-11-15 00:00:00+00:00,35564.00001372397
2023-11-16 00:00:00+00:00,37876.999965533614
2023-11-17 00:00:00+00:00,36206.27030000651
2023-11-18 00:00:00+00:00,36619.20144719016
2023-11-19 00:00:00+00:00,36590.41094375843
2023-11-20 00:00:00+00:00,37413.697375932155
2023-11-21 00:00:00+00:00,37479.10559755082
2023-11-22 00:00:00+00:00,35787.75002244565
2023-11-23 00:00:00+00:00,37309.54341721499
2023-11-24 00:00:00+00:00,37301.62128652225
2023-11-25 00:00:00+00:00,37713.31560179393
2023-11-26 00:00:00+00:00,37802.08493914066
2023-11-27 00:00:00+00:00,37485.00478781254
2023-11-28 00:00:00+00:00,37256.43832174875
2023-11-29 00:00:00+00:00,37798.555775246954
2023-11-30 00:00:00+00:00,37858.581668396095
2023-12-01 00:00:00+00:00,37728.61758032993
2023-12-02 00:00:00+00:00,38637.441850566574
2023-12-03 00:00:00+00:00,39428.0619342184
2023-12-04 00:00:00+00:00,39963.129741191115
2023-12-05 00:00:00+00:00,41932.56829460724
2023-12-06 00:00:00+00:00,44074.99996885657
2023-12-07 00:00:00+00:00,43764.00000463426
2023-12-08 00:00:00+00:00,43291.00000704825
2023-12-09 00:00:00+00:00,44192.99998655915
2023-12-10 00:00:00+00:00,43712.00000716746
2023-12-11 00:00:00+00:00,43785.999998897314
2023-12-12 00:00:00+00:00,41242.000037908554
2023-12-13 00:00:00+00:00,41457.99999678135
2023-12-14 00:00:00+00:00,42887.99997869134
2023-12-15 00:00:00+00:00,43030.999997869134
2023-12-16 00:00:00+00:00,41925.000016480684
2023-12-17 00:00:00+00:00,42245.99999521673
2023-12-18 00:00:00+00:00,41345.000013425946
2023-12-19 00:00:00+00:00,42638.56261430279
2023-12-20 00:00:00+00:00,42263.63643709515
2023-12-21 00:00:00+00:00,43632.25417248692
2023-12-22 00:00:00+00:00,43864.397071906074
2023-12-23 00:00:00+00:00,43994.88583577341
2023-12-24 00:00:00+00:00,43746.0853679574
2023-12-25 00:00:00+00:00,43066.85712088492
2023-12-26 00:00:00+00:00,43563.61946615365
2023-12-27 00:00:00+00:00,42572.341332050186
2023-12-28 00:00:00+00:00,43409.99430308905
2023-12-29 00:00:00+00:00,42647.02209839974
2023-12-30 00:00:00+00:00,42113.678045260385
2023-12-31 00:00:00+00:00,42145.4993879265
2024-01-01 00:00:00+00:00,42249.760264205586
2024-01-02 00:00:00+00:00,44049.829150000034
2024-01-03 00:00:00+00:00,44924.85799775594
2024-01-04 00:00:00+00:00,42998.80847784299
2024-01-05 00:00:00+00:00,44072.464037600694
2024-01-06 00:00:00+00:00,44172.526415991735
2024-01-07 00:00:00+00:00,44016.795087107705
2024-01-08 00:00:00+00:00,43951.46192662984
2024-01-09 00:00:00+00:00,46673.96470610006
2024-01-10 00:00:00+00:00,46185.0933222468
2024-01-11 00:00:00+00:00,46619.809585472554
2024-01-12 00:00:00+00:00,46392.32809371501
2024-01-13 00:00:00+00:00,43195.7968031911
2024-01-14 00:00:00+00:00,42875.286176743786
2024-01-15 00:00:00+00:00,41827.33799626795
2024-01-16 00:00:00+00:00,42424.28098870398
2024-01-17 00:00:00+00:00,43062.5649040585
2024-01-18 00:00:00+00:00,42770.82749964533
2024-01-19 00:00:00+00:00,41432.148543068004
2024-01-20 00:00:00+00:00,41608.249148307834
2024-01-21 00:00:00+00:00,41666.33014452368
2024-01-22 00:00:00+00:00,41570.9586211074
2024-01-23 00:00:00+00:00,39734.873759302354
2024-01-24 00:00:00+00:00,39854.78465159802
2024-01-25 00:00:00+00:00,40051.20468052744
2024-01-26 00:00:00+00:00,39930.16136879108
2024-01-27 00:00:00+00:00,41616.67612454545
2024-01-28 00:00:00+00:00,42075.30575508369
2024-01-29 00:00:00+00:00,42030.86695697317
2024-01-30 00:00:00+00:00,43178.98274630547
2024-01-31 00:00:00+00:00,42969.286436518516
2024-02-01 00:00:00+00:00,42599.44238024086
2024-02-02 00:00:00+00:00,43022.307691328286
2024-02-03 00:00:00+00:00,43166.55867796395
2024-02-04 00:00:00+00:00,43011.71221381343
2024-02-05 00:00:00+00:00,42615.630548655994
2024-02-06 00:00:00+00:00,42654.51281240425
2024-02-07 00:00:00+00:00,43048.438914710576
2024-02-08 00:00:00+00:00,44223.1223338082
2024-02-09 00:00:00+00:00,45212.47733614415
2024-02-10 00:00:00+00:00,47038.58817225295
2024-02-11 00:00:00+00:00,47732.600102690056
2024-02-12 00:00:00+00:00,48284.576623043715
2024-02-13 00:00:00+00:00,49867.741943027206
2024-02-14 00:00:00+00:00,49726.379688642875
2024-02-15 00:00:00+00:00,51746.249190548675
2024-02-16 00:00:00+00:00,51933.649695108
2024-02-17 00:00:00+00:00,52151.15580235989
2024-02-18 00:00:00+00:00,51685.476537274655
2024-02-19 00:00:00+00:00,52109.808023026584
2024-02-20 00:00:00+00:00,51804.85695767388
2024-02-21 00:00:00+00:00,52251.66626972483
2024-02-22 00:00:00+00:00,51863.751522042265
2024-02-23 00:00:00+00:00,51282.96993628011
2024-02-24 00:00:00+00:00,50769.913704301194
2024-02-25 00:00:00+00:00,51518.95843712447
2024-02-26 00:00:00+00:00,51711.00723542732
2024-02-27 00:00:00+00:00,54369.82042737665
2024-02-28 00:00:00+00:00,57009.63423914235
2024-02-29 00:00:00+00:00,62511.99991887808
2024-03-01 00:00:00+00:00,61161.00002013147
2024-03-02 00:00:00+00:00,62443.99998088181
2024-03-03 00:00:00+00:00,62042.00000599027
2024-03-04 00:00:00+00:00,63141.99998360872
2024-03-05 00:00:00+00:00,68358.99992226064
2024-03-06 00:00:00+00:00,64096.54913753921
2024-03-07 00:00:00+00:00,65930.83313873051
2024-03-08 00:00:00+00:00,66849.5995801548
2024-03-09 00:00:00+00:00,68161.74416875752
2024-03-10 00:00:00+00:00,68437.76659837546
2024-03-11 00:00:00+00:00,68976.81577036415
2024-03-12 00:00:00+00:00,71875.60876062686
2024-03-13 00:00:00+00:00,71504.69237705169
2024-03-14 00:00:00+00:00,72987.68417755871
2024-03-15 00:00:00+00:00,71517.52717967947
2024-03-16 00:00:00+00:00,69684.38703728488
2024-03-17 00:00:00+00:00,65495.04873019608
2024-03-18 00:00:00+00:00,68100.8276098323
2024-03-19 00:00:00+00:00,67659.4842079192
2024-03-20 00:00:00+00:00,62434.58165662118
2024-03-21 00:00:00+00:00,67023.63316942425
2024-03-22 00:00:00+00:00,65751.98518942801
2024-03-23 00:00:00+00:00,64138.86673106946
2024-03-24 00:00:00+00:00,64024.39649553423
2024-03-25 00:00:00+00:00,66636.48083789917
2024-03-26 00:00:00+00:00,69418.71150241076
2024-03-27 00:00:00+00:00,69914.89823663863
2024-03-28 00:00:00+00:00,69491.57845699902
2024-03-29 00:00:00+00:00,70616.04875172934
2024-03-30 00:00:00+00:00,70005.75368858593
2024-03-31 00:00:00+00:00,69669.55448463905
2024-04-01 00:00:00+00:00,71049.52103217531
2024-04-02 00:00:00+00:00,69901.33262156318
2024-04-03 00:00:00+00:00,66082.49105184725
2024-04-04 00:00:00+00:00,66000.447906418
2024-04-05 00:00:00+00:00,68177.32993876061
2024-04-06 00:00:00+00:00,67902.53394969928
2024-04-07 00:00:00+00:00,68767.96487467263
2024-04-08 00:00:00+00:00,69270.45926016239
2024-04-09 00:00:00+00:00,71263.33105068185
2024-04-10 00:00:00+00:00,69491.44458742348
2024-04-11 00:00:00+00:00,70432.10726073432
2024-04-12 00:00:00+00:00,70088.00205928634
2024-04-13 00:00:00+00:00,67658.40066126233
2024-04-14 00:00:00+00:00,64575.272923545934
2024-04-15 00:00:00+00:00,65569.60439188404
2024-04-16 00:00:00+00:00,63784.62994869487
2024-04-17 00:00:00+00:00,63821.68336955721
2024-04-18 00:00:00+00:00,61683.3886939752
2024-04-19 00:00:00+00:00,63210.67734705593
2024-04-20 00:00:00+00:00,63719.653783523085
2024-04-21 00:00:00+00:00,64781.67311216439
2024-04-22 00:00:00+00:00,64922.6206602647
2024-04-23 00:00:00+00:00,66545.5241875397
2024-04-24 00:00:00+00:00,66440.82057586979
2024-04-25 00:00:00+00:00,64611.02993472469
2024-04-26 00:00:00+00:00,64512.10081239272
2024-04-27 00:00:00+00:00,63868.259989538754
2024-04-28 00:00:00+00:00,63499.15232687843
2024-04-29 00:00:00+00:00,63162.15379951961
2024-04-30 00:00:00+00:00,63724.69212032173
2024-05-01 00:00:00+00:00,61136.451141873826
2024-05-02 00:00:00+00:00,58664.826870308876
2024-05-03 00:00:00+00:00,59036.21278466683
2024-05-04 00:00:00+00:00,62344.24020759723
2024-05-05 00:00:00+00:00,63696.58965400723
2024-05-06 00:00:00+00:00,63978.093476236645
2024-05-07 00:00:00+00:00,63274.394325513305
2024-05-08 00:00:00+00:00,62449.398635480924
2024-05-09 00:00:00+00:00,61346.409298265615
2024-05-10 00:00:00+00:00,62849.091103045146
2024-05-11 00:00:00+00:00,61073.64268181645
2024-05-12 00:00:00+00:00,60850.86595147056
2024-05-13 00:00:00+00:00,61378.534136692106
2024-05-14 00:00:00+00:00,62721.000858208834
2024-05-15 00:00:00+00:00,61703.57692649274
2024-05-16 00:00:00+00:00,65587.23526834155
2024-05-17 00:00:00+00:00,65299.925301491196
2024-05-18 00:00:00+00:00,66787.95132089245
2024-05-19 00:00:00+00:00,66908.13649442238
2024-05-20 00:00:00+00:00,66371.62480923143
2024-05-21 00:00:00+00:00,70615.04742595958
2024-05-22 00:00:00+00:00,70209.367206865
2024-05-23 00:00:00+00:00,69293.78119034918
2024-05-24 00:00:00+00:00,68160.63551758889
2024-05-25 00:00:00+00:00,68485.97835529926
2024-05-26 00:00:00+00:00,69148.771411908
2024-05-27 00:00:00+00:00,68595.09191501435
2024-05-28 00:00:00+00:00,69262.0833146738
2024-05-29 00:00:00+00:00,68479.39651890146
2024-05-30 00:00:00+00:00,67711.95337983099
2024-05-31 00:00:00+00:00,68236.0729008679
2024-06-01 00:00:00+00:00,67601.7067991724
2024-06-02 00:00:00+00:00,67703.04694868933
2024-06-03 00:00:00+00:00,67743.87044897811
2024-06-04 00:00:00+00:00,68625.32138431637
2024-06-05 00:00:00+00:00,70251.92751671319
2024-06-06 00:00:00+00:00,70982.7469615369
2024-06-07 00:00:00+00:00,70807.89190572962
2024-06-08 00:00:00+00:00,69560.66211812946
2024-06-09 00:00:00+00:00,69345.96762957942
2024-06-10 00:00:00+00:00,69593.5637519452
2024-06-11 00:00:00+00:00,69515.6163970527
2024-06-12 00:00:00+00:00,67654.95135189076
2024-06-13 00:00:00+00:00,68149.12224598923
2024-06-14 00:00:00+00:00,66969.78829067435
2024-06-15 00:00:00+00:00,66162.00517568622
2024-06-16 00:00:00+00:00,66179.28771011243
2024-06-17 00:00:00+00:00,66544.52970956944
2024-06-18 00:00:00+00:00,66487.16852125387
2024-06-19 00:00:00+00:00,65386.21127662583
2024-06-20 00:00:00+00:00,65024.82451814384
2024-06-21 00:00:00+00:00,64877.34073152086
2024-06-22 00:00:00+00:00,64240.91382683966
2024-06-23 00:00:00+00:00,64234.39486815463
2024-06-24 00:00:00+00:00,63346.796734499134
2024-06-25 00:00:00+00:00,60782.37735684657
2024-06-26 00:00:00+00:00,61613.53168365633
2024-06-27 00:00:00+00:00,60950.49528405249
2024-06-28 00:00:00+00:00,61501.668313126385
2024-06-29 00:00:00+00:00,60529.43406546263
2024-06-30 00:00:00+00:00,60815.80386995424
2024-07-01 00:00:00+00:00,62335.56726525475
2024-07-02 00:00:00+00:00,62734.723591823175
2024-07-03 00:00:00+00:00,62181.675652599304
2024-07-04 00:00:00+00:00,60675.12365502362
2024-07-05 00:00:00+00:00,57889.16856123886
2024-07-06 00:00:00+00:00,56897.79578759909
2024-07-07 00:00:00+00:00,57944.0020932576
2024-07-08 00:00:00+00:00,56323.52808903943
2024-07-09 00:00:00+00:00,56621.167294691135
2024-07-10 00:00:00+00:00,57721.51302444839
2024-07-11 00:00:00+00:00,57738.56235952461
2024-07-12 00:00:00+00:00,57426.114081703316
2024-07-13 00:00:00+00:00,57793.96611056125
2024-07-14 00:00:00+00:00,58928.741690299605
2024-07-15 00:00:00+00:00,60442.14907193624
2024-07-16 00:00:00+00:00,63969.097337298925
2024-07-17 00:00:00+00:00,64902.49030743487
2024-07-18 00:00:00+00:00,64231.440293664076
2024-07-19 00:00:00+00:00,64007.37860614613
2024-07-20 00:00:00+00:00,66206.55455159498
2024-07-21 00:00:00+00:00,66956.6848025785
2024-07-22 00:00:00+00:00,67958.00975015023
2024-07-23 00:00:00+00:00,67627.37019856236
2024-07-24 00:00:00+00:00,66234.7674713942
2024-07-25 00:00:00+00:00,65436.96778922434
2024-07-26 00:00:00+00:00,65782.46386400063
2024-07-27 00:00:00+00:00,67824.15687794286
2024-07-28 00:00:00+00:00,67889.4432359512
2024-07-29 00:00:00+00:00,68246.86074501324
2024-07-30 00:00:00+00:00,66895.5328405995
2024-07-31 00:00:00+00:00,66225.84111911856
2024-08-01 00:00:00+00:00,64727.113827729954
2024-08-02 00:00:00+00:00,65252.018751595286
2024-08-03 00:00:00+00:00,61705.533987864226
2024-08-04 00:00:00+00:00,60733.39048943697
2024-08-05 00:00:00+00:00,58275.93008681093
2024-08-06 00:00:00+00:00,54065.36553021553
2024-08-07 00:00:00+00:00,55953.88641717748
2024-08-08 00:00:00+00:00,55176.99453926793
2024-08-09 00:00:00+00:00,61271.22029588745
2024-08-10 00:00:00+00:00,60886.92048758851
2024-08-11 00:00:00+00:00,60947.63546371242
2024-08-12 00:00:00+00:00,58879.021377322526
2024-08-13 00:00:00+00:00,59326.91639210826
2024-08-14 00:00:00+00:00,60539.90494691051
2024-08-15 00:00:00+00:00,58807.74852941116
2024-08-16 00:00:00+00:00,57620.45944953857
2024-08-17 00:00:00+00:00,58806.1660992715
2024-08-18 00:00:00+00:00,59429.4810721128
2024-08-19 00:00:00+00:00,58504.00021311417
2024-08-20 00:00:00+00:00,59430.18636088961
2024-08-21 00:00:00+00:00,59040.15542256988
2024-08-22 00:00:00+00:00,61014.83919930643
2024-08-23 00:00:00+00:00,60420.26215815471
2024-08-24 00:00:00+00:00,63848.645762572945
2024-08-25 00:00:00+00:00,64154.012021935116
2024-08-26 00:00:00+00:00,64255.16612842171
2024-08-27 00:00:00+00:00,62941.83682989708
2024-08-28 00:00:00+00:00,59595.758840262366
2024-08-29 00:00:00+00:00,59058.6716846908
2024-08-30 00:00:00+00:00,59350.92649926428
2024-08-31 00:00:00+00:00,59123.871164946926
2024-09-01 00:00:00+00:00,58974.26158571002
2024-09-02 00:00:00+00:00,57386.201812636325
2024-09-03 00:00:00+00:00,59041.5088273663
2024-09-04 00:00:00+00:00,57576.93267562609
2024-09-05 00:00:00+00:00,57930.012563023316
2024-09-06 00:00:00+00:00,56277.62177691425
2024-09-07 00:00:00+00:00,54113.35875738043
2024-09-08 00:00:00+00:00,54146.18153011343
2024-09-09 00:00:00+00:00,54810.01735669188
2024-09-10 00:00:00+00:00,56893.215215434524
2024-09-11 00:00:00+00:00,57604.38485161296
2024-09-12 00:00:00+00:00,57361.325609137144
2024-09-13 00:00:00+00:00,58083.82362097781
2024-09-14 00:00:00+00:00,60406.16362897289
2024-09-15 00:00:00+00:00,60034.76934079111
2024-09-16 00:00:00+00:00,59182.47648345177
2024-09-17 00:00:00+00:00,58268.53046294777
2024-09-18 00:00:00+00:00,60192.29136403531
2024-09-19 00:00:00+00:00,61698.183751665514
2024-09-20 00:00:00+00:00,62912.611995560255
2024-09-21 00:00:00+00:00,63206.07412402953
2024-09-22 00:00:00+00:00,63361.46155166476
2024-09-23 00:00:00+00:00,63559.7401446415
2024-09-24 00:00:00+00:00,63326.87753182123
2024-09-25 00:00:00+00:00,64259.999986067414
2024-09-26 00:00:00+00:00,63147.00001658499
2024-09-27 00:00:00+00:00,65162.1896595273
2024-09-28 00:00:00+00:00,65780.41035439943
2024-09-29 00:00:00+00:00,65875.80238172853
2024-09-30 00:00:00+00:00,65601.14447079504
2024-10-01 00:00:00+00:00,63302.00003425777
2024-10-02 00:00:00+00:00,60807.0000371784
2024-10-03 00:00:00+00:00,60634.0000025779
2024-10-04 00:00:00+00:00,60744.99999834597
2024-10-05 00:00:00+00:00,62080.99998009205
2024-10-06 00:00:00+00:00,62063.00000026822
2024-10-07 00:00:00+00:00,62813.99998880923
2024-10-08 00:00:00+00:00,62212.0000089705
2024-10-09 00:00:00+00:00,62133.00000117719
2024-10-10 00:00:00+00:00,60582.0000231117
2024-10-11 00:00:00+00:00,60278.00000452995
2024-10-12 00:00:00+00:00,62451.999967604876
2024-10-13 00:00:00+00:00,63193.99998894334
2024-10-14 00:00:00+00:00,62849.0000051409
2024-10-15 00:00:00+00:00,66069.99995200336
2024-10-16 00:00:00+00:00,67060.99998523295
2024-10-17 00:00:00+00:00,67621.99999164045
2024-10-18 00:00:00+00:00,67392.00000342727
2024-10-19 00:00:00+00:00,68419.9999846816
2024-10-20 00:00:00+00:00,68359.00000090897
2024-10-21 00:00:00+00:00,69010.99999028444
2024-10-22 00:00:00+00:00,67340.00002489984
2024-10-23 00:00:00+00:00,67381.99999937415
2024-10-24 00:00:00+00:00,66601.0000116378
2024-10-25 00:00:00+00:00,68154.9999768436
2024-10-26 00:00:00+00:00,66578.00002349913
2024-10-27 00:00:00+00:00,67002.999993667
2024-10-28 00:00:00+00:00,67937.99998606741
2024-10-29 00:00:00+00:00,69917.9999704957
2024-10-30 00:00:00+00:00,72728.99995811284
2024-10-31 00:00:00+00:00,72331.00000593066
2024-11-01 00:00:00+00:00,70231.00003129244
2024-11-02 00:00:00+00:00,69490.00001104176
2024-11-03 00:00:00+00:00,69330.00000238419
2024-11-04 00:00:00+00:00,68738.00000882149
2024-11-05 00:00:00+00:00,67818.00001370907
2024-11-06 00:00:00+00:00,69385.99997663498
2024-11-07 00:00:00+00:00,75636.99990685284
2024-11-08 00:00:00+00:00,75920.99999576807
2024-11-09 00:00:00+00:00,76560.99999046326
2024-11-10 00:00:00+00:00,76721.99999760091
2024-11-11 00:00:00+00:00,80424.999944821
2024-11-12 00:00:00+00:00,88769.99987564981
2024-11-13 00:00:00+00:00,88031.00001101196
2024-11-14 00:00:00+00:00,90520.99996289611
2024-11-15 00:00:00+00:00,87333.0000475049
2024-11-16 00:00:00+00:00,91069.99994431436
2024-11-17 00:00:00+00:00,90608.00000688434
2024-11-18 00:00:00+00:00,89861.00001113117
2024-11-19 00:00:00+00:00,90511.99999029934
2024-11-20 00:00:00+00:00,92423.99997150898
2024-11-21 00:00:00+00:00,94372.99997095764
2024-11-22 00:00:00+00:00,98450.99993923306
2024-11-23 00:00:00+00:00,99012.99999162555
2024-11-24 00:00:00+00:00,97775.00001844764
2024-11-25 00:00:00+00:00,98006.99999654293
2024-11-26 00:00:00+00:00,93035.00007408857
2024-11-27 00:00:00+00:00,91928.00001649559
2024-11-28 00:00:00+00:00,95977.9999396503
2024-11-29 00:00:00+00:00,95661.00000472367
2024-11-30 00:00:00+00:00,97511.99997241795
2024-12-01 00:00:00+00:00,96441.00001595914
2024-12-02 00:00:00+00:00,97290.99998733401
2024-12-03 00:00:00+00:00,95859.00002133846
2024-12-04 00:00:00+00:00,95925.99999900162
2024-12-05 00:00:00+00:00,98772.9999575764
2024-12-06 00:00:00+00:00,97057.00002557039
2024-12-07 00:00:00+00:00,99897.9999576658
2024-12-08 00:00:00+00:00,99928.99999953806
2024-12-09 00:00:00+00:00,101203.99998100102
2024-12-10 00:00:00+00:00,97489.82820455426
2024-12-11 00:00:00+00:00,96648.00001221895
2024-12-12 00:00:00+00:00,101200.99993215501
2024-12-13 00:00:00+00:00,100068.00001688302
2024-12-14 00:00:00+00:00,101434.99997963011
2024-12-15 00:00:00+00:00,101382.00000078976
2024-12-16 00:00:00+00:00,104426.99995462596
2024-12-17 00:00:00+00:00,106072.99997547269
2024-12-18 00:00:00+00:00,106186.99999830127
2024-12-19 00:00:00+00:00,100153.0000899136
2024-12-20 00:00:00+00:00,97375.00004139543
2024-12-21 00:00:00+00:00,97759.99999426305
2024-12-22 00:00:00+00:00,97211.00000818074
2024-12-23 00:00:00+00:00,95098.00003148615
2024-12-24 00:00:00+00:00,94750.0000051856
2024-12-25 00:00:00+00:00,98595.99994269013
2024-12-26 00:00:00+00:00,99373.9999884069
2024-12-27 00:00:00+00:00,95687.00005494058
2024-12-28 00:00:00+00:00,94168.00002263486
2024-12-29 00:00:00+00:00,95138.99998553097
2024-12-30 00:00:00+00:00,93557.00002357364
2024-12-31 00:00:00+00:00,92628.00001384318
2025-01-01 00:00:00+00:00,93380.99998877943
2025-01-02 00:00:00+00:00,94387.99998499453
2025-01-03 00:00:00+00:00,96906.99996246397
2025-01-04 00:00:00+00:00,98132.99998173118
2025-01-05 00:00:00+00:00,98208.99999886751
2025-01-06 00:00:00+00:00,98326.99999824166
2025-01-07 00:00:00+00:00,102279.99994109571
2025-01-08 00:00:00+00:00,96946.0000794828
2025-01-09 00:00:00+00:00,95065.00002802908
2025-01-10 00:00:00+00:00,92542.00003759563
2025-01-11 00:00:00+00:00,94701.99996781349
2025-01-12 00:00:00+00:00,94568.00000199676
2025-01-13 00:00:00+00:00,94497.00000105798
2025-01-14 00:00:00+00:00,94504.99999988079
2025-01-15 00:00:00+00:00,96522.99996992946
2025-01-16 00:00:00+00:00,100511.99994055927
2025-01-17 00:00:00+00:00,99975.00000800192
2025-01-18 00:00:00+00:00,104118.99993824959
2025-01-19 00:00:00+00:00,104435.99999527633
2025-01-20 00:00:00+00:00,101237.00004766881
2025-01-21 00:00:00+00:00,102140.99998652935
2025-01-22 00:00:00+00:00,106148.99994027615
2025-01-23 00:00:00+00:00,103632.00003750622
2025-01-24 00:00:00+00:00,103932.99999551475
2025-01-25 00:00:00+00:00,104854.99998626113
2025-01-26 00:00:00+00:00,104738.00000174344
2025-01-27 00:00:00+00:00,102573.00003226101
2025-01-28 00:00:00+00:00,102090.00000719726
2025-01-29 00:00:00+00:00,101292.00001189113
2025-01-30 00:00:00+00:00,103746.99996341765
2025-01-31 00:00:00+00:00,104737.99998523295
2025-02-01 00:00:00+00:00,102412.0000346601
2025-02-02 00:00:00+00:00,100638.00002643466
2025-02-03 00:00:00+00:00,97675.00004415214
2025-02-04 00:00:00+00:00,101456.99994364381
2025-02-05 00:00:00+00:00,97786.00005470216
2025-02-06 00:00:00+00:00,96614.00001746416
2025-02-07 00:00:00+00:00,96573.00000061095
2025-02-08 00:00:00+00:00,96535.00000056624
2025-02-09 00:00:00+00:00,96472.00000093877
2025-02-10 00:00:00+00:00,96476.9999999255
2025-02-11 00:00:00+00:00,97468.99998521805
2025-02-12 00:00:00+00:00,95754.00002555549
2025-02-13 00:00:00+00:00,97881.99996829033
2025-02-14 00:00:00+00:00,96628.89586026047
2025-02-15 00:00:00+00:00,97517.9902761712
2025-02-16 00:00:00+00:00,97590.64326515947
2025-02-17 00:00:00+00:00,96138.64177827384
2025-02-18 00:00:00+00:00,95772.6925520898
2025-02-19 00:00:00+00:00,95613.16004004634
2025-02-20 00:00:00+00:00,96633.4218765721
2025-02-21 00:00:00+00:00,98328.11532308394
2025-02-22 00:00:00+00:00,96155.32698065735
2025-02-23 00:00:00+00:00,96566.82458797372
2025-02-24 00:00:00+00:00,96265.86133076128
2025-02-25 00:00:00+00:00,91594.19702891227
2025-02-26 00:00:00+00:00,88576.00004437566
2025-02-27 00:00:00+00:00,84071.00006712973
2025-02-28 00:00:00+00:00,84638.99999153614
2025-03-01 00:00:00+00:00,84321.00000473857
2025-03-02 00:00:00+00:00,86032.99997448921
2025-03-03 00:00:00+00:00,94272.99987721443
2025-03-04 00:00:00+00:00,86501.66591641298
2025-03-05 00:00:00+00:00,87202.91236046317
2025-03-06 00:00:00+00:00,90423.230958362
2025-03-07 00:00:00+00:00,89946.98951687067
2025-03-08 00:00:00+00:00,86949.87671775269
2025-03-09 00:00:00+00:00,86234.52343124423
2025-03-10 00:00:00+00:00,80986.08391910276
2025-03-11 00:00:00+00:00,78641.09093267507
2025-03-12 00:00:00+00:00,82676.6213075826
2025-03-13 00:00:00+00:00,83564.74880859794
2025-03-14 00:00:00+00:00,81236.35336986883
2025-03-15 00:00:00+00:00,83777.56195495177
2025-03-16 00:00:00+00:00,84306.49052061426
2025-03-17 00:00:00+00:00,82689.00000197564
2025-03-18 00:00:00+00:00,83885.1137166051
2025-03-19 00:00:00+00:00,82873.24957332529
2025-03-20 00:00:00+00:00,86308.28644981747
2025-03-21 00:00:00+00:00,84469.04149107654
2025-03-22 00:00:00+00:00,84110.4946173992
2025-03-23 00:00:00+00:00,83858.9151575082
2025-03-24 00:00:00+00:00,85800.07530835638
2025-03-25 00:00:00+00:00,87307.87196640745
2025-03-26 00:00:00+00:00,87419.30650228682
2025-03-27 00:00:00+00:00,86980.91236339655
2025-03-28 00:00:00+00:00,87183.61058926149
2025-03-29 00:00:00+00:00,84814.6738654104
2025-03-30 00:00:00+00:00,82921.79841445843
2025-03-31 00:00:00+00:00,82440.40779462288
2025-04-01 00:00:00+00:00,82524.09990467297
2025-04-02 00:00:00+00:00,84777.29345609182
2025-04-03 00:00:00+00:00,82851.97137372126
2025-04-04 00:00:00+00:00,83088.6181554198
2025-04-05 00:00:00+00:00,83731.26908137095
2025-04-06 00:00:00+00:00,83541.97372544545
2025-04-07 00:00:00+00:00,79137.58087065801
2025-04-08 00:00:00+00:00,79127.46620903362
2025-04-09 00:00:00+00:00,76664.8610111814
2025-04-10 00:00:00+00:00,81565.6752834472
2025-04-11 00:00:00+00:00,79913.30894459572
2025-04-12 00:00:00+00:00,82725.91184329985
2025-04-13 00:00:00+00:00,84826.7001455783
2025-04-14 00:00:00+00:00,83913.27403587541
2025-04-15 00:00:00+00:00,84461.85313301964
2025-04-16 00:00:00+00:00,83823.86431093916
2025-04-17 00:00:00+00:00,84006.62395350842
2025-04-18 00:00:00+00:00,84789.80469461999
2025-04-19 00:00:00+00:00,84523.53784066431
2025-04-20 00:00:00+00:00,84974.0213406982
2025-04-21 00:00:00+00:00,85158.16471437244
2025-04-22 00:00:00+00:00,87080.45123274825
2025-04-23 00:00:00+00:00,92502.06939118284
2025-04-24 00:00:00+00:00,93547.3041763655
2025-04-25 00:00:00+00:00,93919.511226698
2025-04-26 00:00:00+00:00,94586.24840088202
2025-04-27 00:00:00+00:00,94648.97559191116
2025-04-28 00:00:00+00:00,93923.48592753433
2025-04-29 00:00:00+00:00,94846.10441830108
2025-04-30 00:00:00+00:00,94383.70206146948
2025-05-01 00:00:00+00:00,94215.87667957836
2025-05-02 00:00:00+00:00,96132.59171366907
2025-05-03 00:00:00+00:00,96781.91262030171
2025-05-04 00:00:00+00:00,96070.79636781417
2025-05-05 00:00:00+00:00,94623.99940107188
2025-05-06 00:00:00+00:00,94707.57790917785
2025-05-07 00:00:00+00:00,96442.24769079368
2025-05-08 00:00:00+00:00,96945.00420967571
2025-05-09 00:00:00+00:00,102155.17458724933
2025-05-10 00:00:00+00:00,102849.4734869258
2025-05-11 00:00:00+00:00,104479.97104371391
2025-05-12 00:00:00+00:00,104188.12655227302
2025-05-13 00:00:00+00:00,103034.58770415797
2025-05-14 00:00:00+00:00,103965.86971293068
2025-05-15 00:00:00+00:00,103601.55550932336
2025-05-16 00:00:00+00:00,103759.86488827669
2025-05-17 00:00:00+00:00,103548.90306450496
2025-05-18 00:00:00+00:00,103219.50090793754
2025-05-19 00:00:00+00:00,105959.42450644539
2025-05-20 00:00:00+00:00,105679.01487093105
2025-05-21 00:00:00+00:00,106651.35761520089
2025-05-22 00:00:00+00:00,109123.80861879376
2025-05-23 00:00:00+00:00,111283.47444664733
2025-05-24 00:00:00+00:00,108091.56315405184
2025-05-25 00:00:00+00:00,107851.37386005594
2025-05-26 00:00:00+00:00,108833.79634646344
2025-05-27 00:00:00+00:00,109353.64455130283
2025-05-28 00:00:00+00:00,109050.01923089867
2025-05-29 00:00:00+00:00,108031.59561024864
2025-05-30 00:00:00+00:00,105998.70186683751
2025-05-31 00:00:00+00:00,104355.42801048444
2025-06-01 00:00:00+00:00,104598.00819434717
2025-06-02 00:00:00+00:00,105520.31905228931
2025-06-03 00:00:00+00:00,105840.18319429946
2025-06-04 00:00:00+00:00,105518.94277590337
2025-06-05 00:00:00+00:00,104873.84847285657
2025-06-06 00:00:00+00:00,102098.51883218344
2025-06-07 00:00:00+00:00,104004.75154452259
2025-06-08 00:00:00+00:00,105330.93624476957
2025-06-09 00:00:00+00:00,105706.3291795968
2025-06-10 00:00:00+00:00,109531.33138080666
2025-06-11 00:00:00+00:00,110196.57379898906
2025-06-12 00:00:00+00:00,108912.20717745199
2025-06-13 00:00:00+00:00,106206.10824158398
2025-06-14 00:00:00+00:00,106130.94005036815
2025-06-15 00:00:00+00:00,105563.14015864622
2025-06-16 00:00:00+00:00,105608.99238884334
2025-06-17 00:00:00+00:00,106647.24636233594
2025-06-18 00:00:00+00:00,104895.69296564821
2025-06-19 00:00:00+00:00,104917.11044065369
2025-06-20 00:00:00+00:00,104721.05093174208
2025-06-21 00:00:00+00:00,103516.61615904374
2025-06-22 00:00:00+00:00,102330.53752046323
2025-06-23 00:00:00+00:00,101194.44250350568
2025-06-24 00:00:00+00:00,104838.39911403184
2025-06-25 00:00:00+00:00,105954.92037618348
2025-06-26 00:00:00+00:00,107220.28924171472
2025-06-27 00:00:00+00:00,107033.31758892017
2025-06-28 00:00:00+00:00,107091.07708896081
2025-06-29 00:00:00+00:00,107313.65075855721
2025-06-30 00:00:00+00:00,108242.19789930765
2025-07-01 00:00:00+00:00,107329.31863680501
2025-07-02 00:00:00+00:00,106001.99637922327
2025-07-03 00:00:00+00:00,108284.03381645272
2025-07-04 00:00:00+00:00,109378.92410088338
2025-07-05 00:00:00+00:00,108309.25919115737
2025-07-06 00:00:00+00:00,108254.86737403869
2025-07-07 00:00:00+00:00,109004.998594645
2025-07-08 00:00:00+00:00,108403.53688719776
2025-07-09 00:00:00+00:00,108881.29921509464
2025-07-10 00:00:00+00:00,110990.4675059649
2025-07-11 00:00:00+00:00,115578.56420664622
2025-07-12 00:00:00+00:00,117426.3108876543
2025-07-13 00:00:00+00:00,117458.88255601181
2025-07-14 00:00:00+00:00,118969.00068413709
2025-07-15 00:00:00+00:00,119778.01970752882
2025-07-16 00:00:00+00:00,117969.66613151897
2025-07-17 00:00:00+00:00,118640.80543733097
2025-07-18 00:00:00+00:00,119210.40880888296
2025-07-19 00:00:00+00:00,118131.25643832257
2025-07-20 00:00:00+00:00,117935.6571921399
2025-07-21 00:00:00+00:00,117392.89599564993
2025-07-22 00:00:00+00:00,117432.97405075829
2025-07-23 00:00:00+00:00,119793.32815862207
2025-07-24 00:00:00+00:00,118893.95896563295
2025-07-25 00:00:00+00:00,118378.67729172522
2025-07-26 00:00:00+00:00,117696.26918521161
2025-07-27 00:00:00+00:00,117946.06606349161
2025-07-28 00:00:00+00:00,119379.33901920222
2025-07-29 00:00:00+00:00,118142.32407912936
2025-07-30 00:00:00+00:00,117940.78006938678
2025-07-31 00:00:00+00:00,117841.33560402709
2025-08-01 00:00:00+00:00,115892.86599428431
2025-08-02 00:00:00+00:00,113391.11523529777
2025-08-03 00:00:00+00:00,112577.04417973901
2025-08-04 00:00:00+00:00,114116.76569007785
2025-08-05 00:00:00+00:00,114992.22278644239
2025-08-06 00:00:00+00:00,114190.05417608647
2025-08-07 00:00:00+00:00,114983.33195396209
2025-08-08 00:00:00+00:00,117396.69602189735
2025-08-09 00:00:00+00:00,116711.56406203436
2025-08-10 00:00:00+00:00,116505.7972568795
2025-08-11 00:00:00+00:00,119147.2497558209
2025-08-12 00:00:00+00:00,118736.4092868634
2025-08-13 00:00:00+00:00,120034.73097925386
2025-08-14 00:00:00+00:00,123355.83902512139
2025-08-15 00:00:00+00:00,118394.00007399917
2025-08-16 00:00:00+00:00,117446.0000141263
2025-08-17 00:00:00+00:00,117459.99999979138
2025-08-18 00:00:00+00:00,117489.99999955297
2025-08-19 00:00:00+00:00,116265.00001825392
2025-08-20 00:00:00+00:00,112870.00005058944
2025-08-21 00:00:00+00:00,114262.99997924268
2025-08-22 00:00:00+00:00,112472.00002668798
2025-08-23 00:00:00+00:00,116890.99993415177
2025-08-24 00:00:00+00:00,115392.00002233684
2025-08-25 00:00:00+00:00,113478.00002852082
2025-08-26 00:00:00+00:00,110136.00004979968
2025-08-27 00:00:00+00:00,111742.2441805105
2025-08-28 00:00:00+00:00,111289.5454779895
2025-08-29 00:00:00+00:00,112532.33633970132
2025-08-30 00:00:00+00:00,108582.394000978
2025-08-31 00:00:00+00:00,108813.968948534
2025-09-01 00:00:00+00:00,108299.36005446564
2025-09-02 00:00:00+00:00,109192.51307721893
2025-09-03 00:00:00+00:00,111142.04399142225
2025-09-04 00:00:00+00:00,111732.47642516316
2025-09-05 00:00:00+00:00,110791.59743718561
2025-09-06 00:00:00+00:00,110674.80179180193
2025-09-07 00:00:00+00:00,110243.58114623994
2025-09-08 00:00:00+00:00,111098.16810017513
2025-09-09 00:00:00+00:00,112051.95114070376
2025-09-10 00:00:00+00:00,111557.06939924731
2025-09-11 00:00:00+00:00,113845.57868567952
2025-09-12 00:00:00+00:00,115435.84535129598
2025-09-13 00:00:00+00:00,116073.21521266131
2025-09-14 00:00:00+00:00,115985.79967180442
2025-09-15 00:00:00+00:00,115372.27897592593
2025-09-16 00:00:00+00:00,115386.35713629877
2025-09-17 00:00:00+00:00,116772.08945012464
2025-09-18 00:00:00+00:00,116489.94861126396
2025-09-19 00:00:00+00:00,117097.26960168213
2025-09-20 00:00:00+00:00,115766.41129563768
2025-09-21 00:00:00+00:00,115759.34453430292
2025-09-22 00:00:00+00:00,115312.5454649755
2025-09-23 00:00:00+00:00,112820.98937888085
2025-09-24 00:00:00+00:00,112040.7912712934
2025-09-25 00:00:00+00:00,113291.11626068731
2025-09-26 00:00:00+00:00,109315.5374874084
2025-09-27 00:00:00+00:00,109672.72367586632
2025-09-28 00:00:00+00:00,109678.82808611853
2025-09-29 00:00:00+00:00,112090.42676596329
2025-09-30 00:00:00+00:00,114314.38934539176
2025-10-01 00:00:00+00:00,114072.35161079351
2025-10-02 00:00:00+00:00,118511.98635265387
2025-10-03 00:00:00+00:00,120580.18681635562
2025-10-04 00:00:00+00:00,122281.4893935893
2025-10-05 00:00:00+00:00,122439.12987696222
2025-10-06 00:00:00+00:00,123504.58580691107
2025-10-07 00:00:00+00:00,124715.13935562156
2025-10-08 00:00:00+00:00,121463.16064473611
2025-10-09 00:00:00+00:00,123278.07273818215
2025-10-10 00:00:00+00:00,121771.21231099783
2025-10-11 00:00:00+00:00,112996.0001296252
2025-10-12 00:00:00+00:00,110764.00003325939
2025-10-13 00:00:00+00:00,115089.99993553758
2025-10-14 00:00:00+00:00,115264.9999973923
2025-10-15 00:00:00+00:00,113078.00003258884
2025-10-16 00:00:00+00:00,110804.00003388524
2025-10-17 00:00:00+00:00,108206.00003871322
2025-10-18 00:00:00+00:00,106476.00002577901
2025-10-19 00:00:00+00:00,107219.99998891354
2025-10-20 00:00:00+00:00,108683.9999781847
2025-10-21 00:00:00+00:00,110579.9999717474
2025-10-22 00:00:00+00:00,108372.00003290176
2025-10-23 00:00:00+00:00,107595.0000115782
2025-10-24 00:00:00+00:00,110110.99996250868
2025-10-25 00:00:00+00:00,111038.99998617172
2025-10-26 00:00:00+00:00,111667.99999062717
2025-10-27 00:00:00+00:00,114550.99995703995
2025-10-28 00:00:00+00:00,114101.00000670552
2025-10-29 00:00:00+00:00,112925.00001752377
2025-10-30 00:00:00+00:00,110038.00004301965
2025-10-31 00:00:00+00:00,108306.00002580881
2025-11-01 00:00:00+00:00,109553.99998140335
2025-11-02 00:00:00+00:00,110046.99999265373
2025-11-03 00:00:00+00:00,110529.99999280274
2025-11-04 00:00:00+00:00,106548.00005933642
2025-11-05 00:00:00+00:00,101466.0000757277
2025-11-06 00:00:00+00:00,103864.99996425211
2025-11-07 00:00:00+00:00,101284.0000384599
2025-11-08 00:00:00+00:00,103274.99997033179
2025-11-09 00:00:00+00:00,102286.00001473725
2025-11-10 00:00:00+00:00,104704.99996395409
2025-11-11 00:00:00+00:00,105971.99998112023
2025-11-12 00:00:00+00:00,103015.00004406273
2025-11-13 00:00:00+00:00,101635.0000205636
2025-11-14 00:00:00+00:00,99618.00003005564
2025-11-15 00:00:00+00:00,94509.00007613003
2025-11-16 00:00:00+00:00,95538.9999846518
2025-11-17 00:00:00+00:00,94187.00002014637
2025-11-18 00:00:00+00:00,92102.00003106892
2025-11-19 00:00:00+00:00,92910.99998794496
2025-11-20 00:00:00+00:00,91474.00002141297
2025-11-21 00:00:00+00:00,86527.00007371604
2025-11-22 00:00:00+00:00,85060.00002186
2025-11-23 00:00:00+00:00,84679.00000567734
2025-11-24 00:00:00+00:00,86802.99996834993
2025-11-25 00:00:00+00:00,88276.99997803569
2025-11-26 00:00:00+00:00,87331.0000140965
2025-11-27 00:00:00+00:00,90476.99995312095
2025-11-28 00:00:00+00:00,91324.99998736382
2025-11-29 00:00:00+00:00,90913.00000613928
2025-11-30 00:00:00+00:00,90832.000001207
2025-12-01 00:00:00+00:00,90382.00000670552
2025-12-02 00:00:00+00:00,86291.00006096065
2025-12-03 00:00:00+00:00,91299.99992536008
2025-12-04 00:00:00+00:00,93471.99996763468
2025-12-05 00:00:00+00:00,92103.00002039969
2025-12-06 00:00:00+00:00,89348.0000410527
2025-12-07 00:00:00+00:00,89249.00000147521
2025-12-08 00:00:00+00:00,90404.99998277426
2025-12-09 00:00:00+00:00,90648.99999636412
2025-12-10 00:00:00+00:00,92694.99996951222
2025-12-11 00:00:00+00:00,92036.00000981987
2025-12-12 00:00:00+00:00,92530.99999262393
2025-12-13 00:00:00+00:00,90275.00003361702
2025-12-14 00:00:00+00:00,90264.00000016391
2025-12-15 00:00:00+00:00,88164.00003129244
2025-12-16 00:00:00+00:00,86412.00002610683
2025-12-17 00:00:00+00:00,87842.99997867644
2025-12-18 00:00:00+00:00,86215.00002425909
2025-12-19 00:00:00+00:00,85460.00001125038
2025-12-20 00:00:00+00:00,88094.99996073544
2025-12-21 00:00:00+00:00,88323.99999658763
2025-12-22 00:00:00+00:00,88635.99999535084
2025-12-23 00:00:00+00:00,88539.00000144541
2025-12-24 00:00:00+00:00,87423.0000166297
2025-12-25 00:00:00+00:00,87604.99999728799
2025-12-26 00:00:00+00:00,87172.0000064522
2025-12-27 00:00:00+00:00,87295.99999815226
2025-12-28 00:00:00+00:00,87809.9999923408
2025-12-29 00:00:00+00:00,87869.99999910593
2025-12-30 00:00:00+00:00,87119.00001119077
2025-12-31 00:00:00+00:00,88389.99998106062
2026-01-01 00:00:00+00:00,87496.00001332164
2026-01-02 00:00:00+00:00,88727.99998164177
2026-01-03 00:00:00+00:00,89951.99998176098
2026-01-04 00:00:00+00:00,90589.99999049306
2026-01-05 00:00:00+00:00,91500.99998642504
2026-01-06 00:00:00+00:00,93875.99996460974
2026-01-07 00:00:00+00:00,93712.00000244379
2026-01-08 00:00:00+00:00,91273.00003634393
2026-01-09 00:00:00+00:00,91031.00000360608
2026-01-10 00:00:00+00:00,90510.0000077635
2026-01-11 00:00:00+00:00,90382.00000190735
2026-01-12 00:00:00+00:00,90871.99999269843
2026-01-13 00:00:00+00:00,91194.99999518692
2026-01-14 00:00:00+00:00,95365.99993784726
2026-01-15 00:00:00+00:00,96941.99997651577
2026-01-16 00:00:00+00:00,95577.00002034009
2026-01-17 00:00:00+00:00,95521.00000083447
2026-01-18 00:00:00+00:00,95113.00000607967
2026-01-19 00:00:00+00:00,93636.00002200902
2026-01-20 00:00:00+00:00,92560.00001603365
2026-01-21 00:00:00+00:00,88316.00006324053
2026-01-22 00:00:00+00:00,89373.99998423457
2026-01-23 00:00:00+00:00,89463.9999986589
2026-01-24 00:00:00+00:00,89492.99999956787
2026-01-25 00:00:00+00:00,89089.00000602007
2026-01-26 00:00:00+00:00,86567.00003758073
2026-01-27 00:00:00+00:00,88246.99997496605
2026-01-28 00:00:00+00:00,89134.99998676777
2026-01-29 00:00:00+00:00,89167.99999950826
2026-01-30 00:00:00+00:00,84530.00006911159
2026-01-31 00:00:00+00:00,84130.00000596046
2026-02-01 00:00:00+00:00,78635.00008188188
2026-02-02 00:00:00+00:00,76888.00002603233
2026-02-03 00:00:00+00:00,78665.99997350574
2026-02-04 00:00:00+00:00,75662.00004476309
2026-02-05 00:00:00+00:00,73000.00003966689
2026-02-06 00:00:00+00:00,62795.00015206635
2026-02-07 00:00:00+00:00,70530.99988472462
2026-02-08 00:00:00+00:00,69246.00001914799
2026-02-09 00:00:00+00:00,70282.9999845475
2026-02-10 00:00:00+00:00,70094.09500741148
2026-02-11 00:00:00+00:00,68802.0000192523
2026-02-12 00:00:00+00:00,67053.00002606213
2026-02-13 00:00:00+00:00,66207.00001260638
2026-02-14 00:00:00+00:00,68811.99996118248
2026-02-15 00:00:00+00:00,69766.88081274014
2026-02-16 00:00:00+00:00,68802.86013845698
2026-02-17 00:00:00+00:00,68866.24804985887
2026-02-18 00:00:00+00:00,67484.08738668138
2026-02-19 00:00:00+00:00,66443.12867345106
2026-02-20 00:00:00+00:00,66958.857685713
2026-02-21 00:00:00+00:00,67957.47779579581
2026-02-22 00:00:00+00:00,67965.80655243118
2026-02-23 00:00:00+00:00,67623.69025919876
2026-02-24 00:00:00+00:00,64736.300391597375
2026-02-25 00:00:00+00:00,64076.0670270726
2026-02-26 00:00:00+00:00,67865.52799968564
2026-02-27 00:00:00+00:00,67500.2825857595
2026-02-28 00:00:00+00:00,65926.08839952317
2026-03-01 00:00:00+00:00,66943.41099799234
2026-03-02 00:00:00+00:00,65823.10988291723
2026-03-03 00:00:00+00:00,68679.36102025982
2026-03-04 00:00:00+00:00,68352.7641556661
2026-03-05 00:00:00+00:00,72442.7933731795
2026-03-06 00:00:00+00:00,71004.71450360189
2026-03-07 00:00:00+00:00,68302.59051745907
2026-03-08 00:00:00+00:00,67332.34370521008
2026-03-09 00:00:00+00:00,66055.61179955976
2026-03-10 00:00:00+00:00,68302.12205888654
2026-03-11 00:00:00+00:00,69811.3524995511
2026-03-12 00:00:00+00:00,70170.44793914328
2026-03-13 00:00:00+00:00,70506.39481612651
2026-03-14 00:00:00+00:00,70924.35464884083
2026-03-15 00:00:00+00:00,71202.32214001333
2026-03-16 00:00:00+00:00,72750.88698167489
2026-03-17 00:00:00+00:00,74775.26009565251
2026-03-18 00:00:00+00:00,73966.2927586267
2026-03-19 00:00:00+00:00,71393.28783331791
2026-03-20 00:00:00+00:00,69993.12422701751
2026-03-21 00:00:00+00:00,70468.57303372919
2026-03-22 00:00:00+00:00,69010.32465440659
2026-03-23 00:00:00+00:00,67926.57533982367
2026-03-24 00:00:00+00:00,70675.56620736567
2026-03-25 00:00:00+00:00,70530.09074663398
2026-03-26 00:00:00+00:00,71249.6638933721
2026-03-27 00:00:00+00:00,68995.16739539328
2026-03-28 00:00:00+00:00,66598.22529601207
2026-03-29 00:00:00+00:00,66345.24484628136
2026-03-30 00:00:00+00:00,65988.26947414462
2026-03-31 00:00:00+00:00,66661.23521655655
2026-04-01 00:00:00+00:00,68073.39327411786
2026-04-02 00:00:00+00:00,68100.12347390543
2026-04-03 00:00:00+00:00,67001.53859631154
2026-04-04 00:00:00+00:00,66949.16525588499
2026-04-05 00:00:00+00:00,67258.74791176707
2026-04-06 00:00:00+00:00,68840.96368003402
2026-04-07 00:00:00+00:00,68854.64568482302
2026-04-08 00:00:00+00:00,71767.94505905478
2026-04-09 00:00:00+00:00,71156.36260689342
2026-04-10 00:00:00+00:00,71764.20779166256
2026-04-11 00:00:00+00:00,72883.22419712308
2026-04-12 00:00:00+00:00,73056.36793017355
2026-04-13 00:00:00+00:00,70929.96367945454
2026-04-14 00:00:00+00:00,74113.25024888861
2026-04-15 00:00:00+00:00,74176.7785280358
2026-04-16 00:00:00+00:00,74757.63842049456
2026-04-17 00:00:00+00:00,75138.65242182324
2026-04-18 00:00:00+00:00,76929.40701299213
2026-04-19 00:00:00+00:00,75851.51111660834
2026-04-20 00:00:00+00:00,74015.85065854741
2026-04-21 00:00:00+00:00,75672.37921002816
2026-04-22 00:00:00+00:00,76276.62761007545
2026-04-23 00:00:00+00:00,78023.60356362993
2026-04-24 00:00:00+00:00,78245.5673728246
2026-04-25 00:00:00+00:00,77539.11175964367
2026-04-26 00:00:00+00:00,77629.59548189111
2026-04-27 00:00:00+00:00,78561.75554179441
2026-04-28 00:00:00+00:00,77488.7025285874
2026-04-29 00:00:00+00:00,76434.13211677967
2026-04-30 00:00:00+00:00,75809.29084670455
2026-05-01 00:00:00+00:00,76262.84156887078
2026-05-02 00:00:00+00:00,78049.91784029393
2026-05-03 00:00:00+00:00,78632.67276849835
2026-05-04 00:00:00+00:00,78571.10450236748
2026-05-05 00:00:00+00:00,79729.11598801597
2026-05-06 00:00:00+00:00,80811.65806365859
2026-05-07 00:00:00+00:00,81394.62447451339
2026-05-08 00:00:00+00:00,80130.96070787366
2026-05-09 00:00:00+00:00,80193.53782925603
2026-05-10 00:00:00+00:00,80623.27732208374
2026-05-11 00:00:00+00:00,82053.25080160891
2026-05-12 00:00:00+00:00,81765.23447592853
2026-05-13 00:00:00+00:00,80607.92870600846
2026-05-14 00:00:00+00:00,79403.45556809142
2026-05-15 00:00:00+00:00,80914.13561681642
2026-05-16 00:00:00+00:00,79251.08672560906
2026-05-17 00:00:00+00:00,78229.3707670708
2026-05-18 00:00:00+00:00,77490.76955587331
2026-05-19 00:00:00+00:00,77001.57276335222
2026-05-20 00:00:00+00:00,76782.69370921762
2026-05-21 00:00:00+00:00,77391.91543828216
2026-05-22 00:00:00+00:00,77536.35614598342
2026-05-23 00:00:00+00:00,75685.04235922886
2026-05-24 00:00:00+00:00,76543.8704016226
2026-05-25 00:00:00+00:00,76923.83333177792
2026-05-26 00:00:00+00:00,77213.13284943685
2026-05-27 00:00:00+00:00,76014.61860340276
2026-05-28 00:00:00+00:00,74539.17951698959
2026-05-29 00:00:00+00:00,73642.22905045965
2026-05-30 00:00:00+00:00,73405.66310863891
2026-05-31 00:00:00+00:00,73718.9708315949
2026-06-01 00:00:00+00:00,73586.6427662656
2026-06-02 00:00:00+00:00,71574.05082202233
2026-06-03 00:00:00+00:00,67123.4246914724
2026-06-04 00:00:00+00:00,64228.4352312762
2026-06-05 00:00:00+00:00,63840.52732516983
2026-06-06 00:00:00+00:00,61237.23329315374
2026-06-07 00:00:00+00:00,60889.43089022806
2026-06-08 00:00:00+00:00,63075.655327129505
2026-06-09 00:00:00+00:00,63063.961882535674
2026-06-10 00:00:00+00:00,61801.019438159994
2026-06-11 00:00:00+00:00,61504.29452373982
2026-06-12 00:00:00+00:00,63129.96531822694
2026-06-13 00:00:00+00:00,63531.040000404864
2026-06-14 00:00:00+00:00,64439.99998645544
2026-06-15 00:00:00+00:00,65712.49998103827
2026-06-16 00:00:00+00:00,66282.04999151305
2026-06-17 00:00:00+00:00,65612.8600099717
2026-06-18 00:00:00+00:00,64443.27001742824
2026-06-19 00:00:00+00:00,62889.92002314672
2026-06-20 00:00:00+00:00,63487.339991097746
2026-06-21 00:00:00+00:00,64245.71998869925
2026-06-22 00:00:00+00:00,63237.18001502842
2026-06-23 00:00:00+00:00,63948.959989393654
2026-06-24 00:00:00+00:00,62651.4300193347
2026-06-25 00:00:00+00:00,60987.00002480194
2026-06-26 00:00:00+00:00,59696.26001923353
2026-06-27 00:00:00+00:00,60019.37999518514
2026-06-28 00:00:00+00:00,59940.07000118181
2026-06-29 00:00:00+00:00,59473.29000695556
2026-06-30 00:00:00+00:00,60163.85998970971
2026-07-01 00:00:00+00:00,58526.17002440348
2026-07-02 00:00:00+00:00,59963.45997858271
2026-07-03 00:00:00+00:00,61479.0999774152
2026-07-04 00:00:00+00:00,62522.459984452726
2026-07-05 00:00:00+00:00,63086.179991599915
2026-07-06 00:00:00+00:00,63587.059992536306
2026-07-07 00:00:00+00:00,64000.09999384522
